n,k,t,lambda,mu,status,num_cayley,t_valid
6,2,1,0,1,known,20,10
6,3,2,1,2,known,20,10
8,3,2,1,1,known,175,60
8,4,3,1,3,known,175,60
10,4,2,1,2,known,252,88
10,5,3,2,3,known,252,88
12,3,1,0,1,known,825,252
12,4,2,0,2,known,1650,564
12,5,3,2,2,known,2310,716
12,6,4,2,4,known,2310,716
14,5,4,1,2,impossible,2574,588
14,6,3,2,3,known,3432,760
14,7,4,3,4,known,3432,760
15,4,2,1,1,known,1001,420
15,5,2,1,2,known,2002,1120
16,6,3,1,3,impossible,70070,16544
16,7,4,3,3,known,90090,21424
16,8,5,3,5,known,90090,21424
16,7,5,4,2,known,90090,21544
16,8,6,2,6,known,90090,21544
18,4,3,0,1,known,11900,2266
18,5,3,2,1,known,30940,7584
18,6,3,0,3,known,61880,14072
18,7,5,2,3,known,97240,20844
18,8,4,3,4,known,121550,24192
18,9,5,4,5,known,121550,24192
18,8,5,4,3,known,121550,28560
18,9,6,3,6,known,121550,28560
20,4,1,0,1,known,19380,4440
20,7,4,3,2,known,251940,57960
20,8,4,2,4,known,377910,87040
20,9,5,4,4,known,461890,98112
20,10,6,4,6,known,461890,98112
21,6,2,1,2,known,77520,40320
21,8,4,3,3,known,251940,100800
22,9,6,3,4,known,587860,127760
22,10,5,4,5,known,705432,95424
22,11,6,5,6,known,705432,95424
24,5,2,1,1,known,504735,149888
24,6,2,0,2,known,1514205,411200
24,7,3,2,2,known,3677355,750240
24,8,4,0,4,known,7354710,1677920
24,8,3,2,3,known,7354710,1269824
24,9,7,2,4,known,12257850,1321072
24,10,5,3,5,open,17160990,3198240
24,10,8,4,4,known,17160990,1750344
24,11,6,5,5,known,20281170,3963264
24,12,7,5,7,known,20281170,3963264
24,11,7,6,4,known,20281170,3924960
24,12,8,4,8,known,20281170,3924960
24,11,8,7,3,known,20281170,3230640
24,12,9,3,9,known,20281170,3230640
25,9,6,5,2,open,2615008,295680
25,10,6,1,6,impossible,3922512,887040
26,11,7,4,5,known,8914800,1541760
26,12,6,5,6,known,10400600,1292544
26,13,7,6,7,known,10400600,1292544
27,7,4,1,2,open,3289000,514800
27,8,4,3,2,known,7811375,2059200
27,9,4,1,4,impossible,15622750,5765760
27,10,6,3,4,known,26558675,4804800
27,11,6,5,4,open,38630800,11531520
27,12,8,2,8,impossible,48288500,7207200
28,6,3,2,1,open,1184040,175040
28,7,2,1,2,known,3552120,932736
28,12,6,4,6,known,69535440,11851840
28,13,7,6,6,known,80233200,12534720
28,14,8,6,8,known,80233200,12534720
30,5,1,0,1,known,475020,98336
30,7,5,0,2,impossible,6243120,620952
30,9,3,2,3,known,40060020,6529664
30,9,5,4,2,known,40060020,6280800
30,10,5,0,5,known,80120040,13195392
30,10,4,2,4,known,80120040,15383424
30,11,9,2,5,open,138389160,7180560
30,11,5,4,4,known,138389160,22660736
30,12,6,3,6,known,207583740,36206464
30,12,11,4,5,open,207583740,2977812
30,13,8,5,6,known,271455660,42260736
30,13,11,6,5,known,271455660,12079440
30,14,7,6,7,known,310235040,48385920
30,15,8,7,8,known,310235040,48385920
30,14,8,7,6,known,310235040,51103360
30,15,9,6,9,known,310235040,51103360
30,14,9,8,5,known,310235040,46894848
30,15,10,5,10,known,310235040,46894848
32,6,5,1,1,impossible,37550331,2580612
32,7,4,3,1,known,134108325,25138080
32,9,6,1,3,known,1028163825,142602304
32,10,7,3,3,known,2261960415,277340352
32,11,6,5,3,open,4318288065,769531648
32,12,6,2,6,impossible,7197146775,1226675968
32,13,9,4,6,known,10518906825,1454652320
32,14,7,5,7,open,13524308775,1963979776
32,14,10,6,6,known,13524308775,1813587424
32,15,8,7,7,known,15327549945,2240254720
32,16,9,7,9,known,15327549945,2240254720
32,15,9,8,6,known,15327549945,2543956096
32,16,10,6,10,known,15327549945,2543956096
32,15,11,10,4,known,15327549945,2022772832
32,16,12,4,12,known,15327549945,2022772832
33,10,4,3,3,known,64512240,23063040
33,11,4,3,4,known,129024480,52715520
33,12,8,3,5,open,225792840,14414400
34,14,12,5,6,known,1637618400,87856496
34,15,9,6,7,known,2074316640,231981568
34,16,8,7,8,known,2333606220,236853760
34,17,9,8,9,known,2333606220,236853760
35,6,2,1,1,known,1344904,495040
35,8,4,1,2,known,18156204,2970240
35,12,8,4,4,open,548354040,27227200
35,14,6,5,6,known,1391975640,522762240
36,8,2,1,2,known,329501480,82595136
36,9,3,0,3,known,988504440,151279296
36,10,5,2,3,known,2570111544,340729536
36,11,5,4,3,known,5841162600,824484416
36,11,7,6,2,known,5841162600,574056576
36,12,6,0,6,known,11682325200,1822914240
36,12,5,2,5,known,11682325200,1688446464
36,13,11,2,6,known,20668729200,490509864
36,13,7,4,5,known,20668729200,2661870912
36,14,7,6,5,open,32479431600,4551708672
36,16,8,6,8,known,56839005300,8748200448
36,16,14,8,6,open,56839005300,1066404264
36,17,9,8,8,known,63525947100,9346095616
36,18,10,8,10,known,63525947100,9346095616
36,17,11,10,6,known,63525947100,7586913152
36,18,12,6,12,known,63525947100,7586913152
38,16,13,6,7,open,25751549340,2085166944
38,17,10,7,8,open,31810737420,3129209856
38,18,9,8,9,known,35345263800,3183870976
38,19,10,9,10,known,35345263800,3183870976
39,10,6,1,3,known,945467512,56434560
39,12,4,3,4,known,5414950296,2128389120
39,14,6,5,5,known,19339108200,6385167360
39,16,12,7,6,known,44479948860,620780160
40,6,3,0,1,impossible,45676722,6661248
40,8,2,0,2,known,861332472,216186496
40,9,3,2,2,known,2966811848,455483776
40,9,6,5,1,open,2966811848,249685120
40,10,3,1,3,known,8900435544,1257570304
40,11,4,3,3,known,23464784616,4548072448
40,15,6,5,6,known,351971769240,54235152384
40,15,12,3,7,open,351971769240,13475908480
40,15,9,8,4,known,351971769240,37877433728
40,16,8,4,8,known,527957653860,79772238336
40,17,11,6,8,known,714295649340,71903021184
40,18,9,7,9,open,873028015860,118210560000
40,18,12,8,8,open,873028015860,87876869632
40,18,15,9,7,open,873028015860,28465786368
40,19,10,9,9,known,964925701740,135577182208
40,20,11,9,11,known,964925701740,135577182208
40,19,11,10,8,known,964925701740,131596355072
40,20,12,8,12,known,964925701740,131596355072
40,19,14,13,5,known,964925701740,75108143360
40,20,15,5,15,known,964925701740,75108143360
42,6,1,0,1,known,26978328,5050112
42,11,6,5,2,known,18956771808,2189549824
42,12,4,2,4,known,47391929520,9269433856
42,12,9,4,3,open,47391929520,1845073440
42,13,5,4,4,known,105720458160,15246177792
42,14,7,0,7,known,211440916320,26217546752
42,14,5,4,5,known,211440916320,28800686080
42,15,9,4,6,open,380593649376,35756672896
42,17,9,8,6,known,909506882700,117666612480
42,18,9,6,9,known,1212675843600,170155888640
42,18,14,7,8,open,1212675843600,50414913920
42,19,11,8,9,open,1467976021200,184731328512
42,20,10,9,10,known,1614773623320,228146114560
42,21,11,10,11,known,1614773623320,228146114560
42,20,11,10,9,known,1614773623320,229178966016
42,21,12,9,12,known,1614773623320,229178966016
42,20,13,12,7,known,1614773623320,165534099456
42,21,14,7,14,known,1614773623320,165534099456
44,10,4,3,2,known,7669339132,1191926400
44,11,3,2,3,known,23008017396,2568549120
44,12,8,1,4,open,61354713056,4873028160
44,17,13,4,8,open,1684686595032,95065770240
44,20,10,8,10,known,3842267672880,501768644608
44,20,16,10,8,open,3842267672880,197414934240
44,21,11,10,10,known,4208197927440,517873620992
44,22,12,10,12,known,4208197927440,517873620992
45,8,4,3,1,known,354465254,35814240
45,9,2,1,2,known,1417861016,654888960
45,12,4,1,4,impossible,42181365226,14898723840
45,13,6,3,4,open,103831052864,19864965120
45,14,6,5,4,known,229911617056,59594895360
45,14,8,7,3,known,229911617056,17381844480
45,15,6,3,6,known,459823234112,145676410880
45,16,12,3,7,open,833429611828,4345461120
45,16,8,5,6,known,833429611828,163885962240
45,17,8,7,6,known,1372707595952,364191027200
45,18,8,6,8,open,2059061393928,655543848960
45,18,16,7,7,open,2059061393928,232792560
45,19,16,5,10,open,2817662960112,1862340480
45,20,12,11,7,open,3522078700140,491657886720
46,20,15,8,9,open,6339741660252,723961185024
46,21,12,9,10,open,7547311500300,553344788480
46,22,11,10,11,known,8233430727600,670231883776
46,23,12,11,12,known,8233430727600,670231883776
48,7,2,1,1,known,3270357948,835805760
48,9,5,0,2,open,70857755540,7777720720
48,10,6,2,2,known,269259471052,24398748080
48,11,5,4,2,known,905690948084,134771571200
48,12,4,0,4,known,2717072844252,490091802112
48,13,7,2,4,known,7315196119140,854889841152
48,14,8,4,4,known,17765476289340,1898231396096
48,15,5,4,5,known,39084047836548,4951030095872
48,15,7,6,4,known,39084047836548,5601654501888
48,16,8,0,8,known,78168095673096,11096893158912
48,16,6,4,6,known,78168095673096,11243643428864
48,17,7,6,6,known,142541821521528,19125330239488
48,17,12,11,3,impossible,142541821521528,7507033166976
48,18,9,3,9,impossible,237569702535880,32781088079872
48,19,14,5,9,open,362606388081080,16534903024128
48,19,13,8,7,open,362606388081080,25035422637568
48,20,10,6,10,open,507648943313512,70469466800128
48,20,17,7,9,open,507648943313512,6257624985776
48,21,13,8,10,known,652691498545944,74042140346880
48,21,18,9,9,open,652691498545944,7678211497024
48,22,11,9,11,open,771362680099752,96434728796160
48,22,14,10,10,known,771362680099752,86497098831360
48,22,17,11,9,open,771362680099752,31308976337856
48,23,12,11,11,known,838437695760600,105999913091072
48,24,13,11,13,known,838437695760600,105999913091072
48,23,13,12,10,known,838437695760600,113057197899776
48,24,14,10,14,known,838437695760600,113057197899776
48,23,14,13,9,known,838437695760600,108374154280960
48,24,15,9,15,known,838437695760600,108374154280960
48,23,15,14,8,known,838437695760600,92924417985024
48,24,16,8,16,known,838437695760600,92924417985024
48,23,17,16,6,known,838437695760600,51487894514560
48,24,18,6,18,known,838437695760600,51487894514560
49,13,8,7,2,open,385856498592,10543712256
49,15,12,1,6,impossible,2186520158688,1757285376
49,19,16,9,6,open,23083695792960,6589820160
49,20,12,11,6,open,33471358899792,3015501705216
49,21,12,5,12,impossible,44628478533056,6701114900480
49,22,18,7,12,open,54771314563296,57111774720
50,9,5,4,1,known,10272278170,1319449120
50,11,7,0,3,open,145679581320,16435531200
50,12,9,2,3,open,461318674180,30397700960
50,13,9,4,3,known,1312983918820,123318278160
50,14,7,6,3,open,3376244362680,289198694400
50,15,6,1,6,impossible,7877903512920,945883699200
50,16,10,3,6,known,16740544964955,1767518387712
50,17,12,5,6,open,32496351990795,3058041482496
50,18,12,7,6,known,57771292428080,5905144439040
50,19,10,9,6,open,94258424487920,8123485984768
50,19,13,12,4,open,94258424487920,9363822918912
50,20,12,2,12,impossible,141387636731880,11769036466176
50,20,10,5,10,known,141387636731880,13330032922624
50,21,14,7,10,open,195249593582120,18462058340352
50,22,16,9,10,known,248499482740880,23961336330624
50,23,13,10,11,known,291716784087120,22877388847104
50,23,16,11,10,open,291716784087120,27481931304960
50,24,12,11,12,known,316026516094380,30523403337728
50,25,13,12,13,known,316026516094380,30523403337728
50,24,14,13,10,known,316026516094380,25500328280064
50,25,15,10,15,known,316026516094380,25500328280064
51,15,10,5,4,open,2250829575120,26359280640
51,16,6,5,5,known,4923689695575,1522980659200
51,17,6,5,6,known,9847379391150,3322866892800
51,18,10,5,7,open,18053528883775,1713353241600
52,12,3,2,3,known,793766949500,84280807424
52,15,6,5,4,known,15943376157100,2317415755776
52,18,15,8,5,open,139504541374625,2185242707328
52,21,15,6,10,open,572283291533800,34457780388864
52,24,12,10,12,known,1147959567009500,133619907772416
52,24,18,12,10,open,1147959567009500,65845300781568
52,25,13,12,12,known,1239796332370260,138823615758336
52,26,14,12,14,known,1239796332370260,138823615758336
54,7,3,0,1,impossible,2312146200,304904160
54,8,3,2,1,known,13294840650,1815102432
54,10,4,1,2,open,292486494300,45391339136
54,11,4,3,2,open,1143356295900,194578205184
54,13,9,0,4,impossible,12620894497050,627884195840
54,14,12,2,4,open,36059698563000,276097387664
54,15,5,2,5,open,93755216263800,11272508239872
54,15,13,4,4,open,93755216263800,569971998704
54,16,7,4,5,open,222668638626525,24306802769920
54,16,12,6,4,known,222668638626525,7469964638400
54,17,7,6,5,open,484631742893025,56107167576064
54,17,9,8,4,known,484631742893025,41399972444160
54,17,11,10,3,known,484631742893025,30611836130304
54,18,9,0,9,known,969263485786050,93122815047680
54,18,8,2,8,impossible,969263485786050,129310528602112
54,18,7,4,7,known,969263485786050,112472925859840
54,19,13,4,8,open,1785485368553250,101702375689728
54,19,9,6,7,known,1785485368553250,191530554941440
54,20,16,6,8,known,3035325126540525,66481547457600
54,20,9,8,7,open,3035325126540525,347103198474240
54,21,17,8,8,known,4769796627420825,96394570335360
54,22,16,10,8,open,6937886003521200,353610187911552
54,23,22,9,10,open,9351063743876400,2870957535024
54,23,13,12,8,open,9351063743876400,884260127928320
54,24,16,4,16,impossible,11688829679845500,790957249505280
54,24,12,9,12,known,11688829679845500,1447870548234240
54,24,17,10,11,open,11688829679845500,692254047513600
54,25,14,11,12,known,13559042428620780,1520564301434880
54,26,13,12,13,known,14602045692360840,1652035591372800
54,27,14,13,14,known,14602045692360840,1652035591372800
54,26,14,13,12,known,14602045692360840,1747332651417600
54,27,15,12,15,known,14602045692360840,1747332651417600
54,26,17,16,9,known,14602045692360840,1112923611571200
54,27,18,9,18,known,14602045692360840,1112923611571200
55,10,2,1,2,known,47861426340,21596889600
55,14,6,5,3,known,6490745741340,1101441369600
55,16,12,1,6,open,42189847318710,56691835200
55,20,8,6,8,known,642774732679170,194387713228800
55,24,12,11,10,known,2805319123162920,712754948505600
55,26,22,9,15,open,3754811749464216,759327004800
56,7,1,0,1,known,2638060425,413204224
56,12,3,1,3,open,5703486638850,716152258560
56,13,4,3,3,known,18865378882350,3387658301440
56,13,7,6,2,known,18865378882350,1480446198272
56,14,4,2,4,known,56596136647050,9903565258752
56,15,5,4,4,known,154696106835270,18492537733120
56,16,13,3,5,open,386740267088175,6311484108320
56,19,10,9,5,open,3647491538615925,344770307391488
56,20,10,9,6,known,6565484769508665,720264379760640
56,21,9,6,9,known,10942474615847775,1224076080734208
56,23,16,7,11,open,24263748061227675,1281329365902336
56,24,12,8,12,known,32351664081636900,3880809800777728
56,25,15,10,12,open,40116063461229756,3369966940831744
56,26,13,11,13,open,46287765532188180,5204777614073856
56,26,16,12,12,open,46287765532188180,3915068344107008
56,26,19,13,11,open,46287765532188180,2326128789585920
56,27,14,13,13,known,49716488904942860,5728953825558528
56,28,15,13,15,known,49716488904942860,5728953825558528
56,27,15,14,12,known,49716488904942860,5579850294755328
56,28,16,12,16,known,49716488904942860,5579850294755328
56,27,20,19,7,known,49716488904942860,2490335367280640
56,28,21,7,21,known,49716488904942860,2490335367280640
57,16,8,3,5,open,83297903680530,7710089587200
57,18,6,5,6,known,424655979547800,139560409497600
57,20,8,7,7,known,1571227124326860,453571330867200
57,22,14,9,8,open,4285164884527800,123361433395200
58,25,23,10,11,open,19858944567035574,53020859131968
58,26,18,11,12,open,24441777928659168,2416697178255360
58,27,15,12,13,open,28062782066238304,1517905142906880
58,28,14,13,14,known,30067266499541040,2257022647664640
58,29,15,14,15,known,30067266499541040,2257022647664640
60,10,2,0,2,known,816768631965,203878380288
60,11,3,2,2,known,3638332996935,517767802112
60,12,3,0,3,known,14553331987740,1987187445760
60,13,5,2,3,known,52615892571060,6189780444672
60,14,5,4,3,known,172880789876340,21469386414080
60,15,5,0,5,known,518642369629020,65482640717824
60,15,4,3,4,known,518642369629020,92410546425856
60,16,9,2,5,open,1426266516479805,90161167681024
60,17,11,4,5,open,3607615306390095,149756693147264
60,18,6,4,6,known,8417769048243555,1308286777081856
60,18,11,6,5,open,8417769048243555,435629354099712
60,19,7,6,6,known,18164659525157145,2146090792468480
60,19,9,8,5,known,18164659525157145,1798971695882240
60,19,11,10,4,known,18164659525157145,1131879013588224
60,20,10,0,10,known,36329319050314290,3760399633588224
60,20,8,4,8,known,36329319050314290,5172373457305600
60,20,7,6,7,known,36329319050314290,4047558257770496
60,21,11,6,8,open,67468735379155110,5891352627781632
60,22,19,6,9,open,116536906563995190,318651140165600
60,22,12,8,8,open,116536906563995190,10356589827268608
60,23,11,10,8,known,187472414907296610,20726160686579712
60,23,14,13,6,known,187472414907296610,12104654830878720
60,24,12,6,12,known,281208622360944915,33268720092561408
60,24,10,9,10,open,281208622360944915,35410742081994752
60,25,17,8,12,open,393692071305322881,17785939224632832
60,26,20,10,12,known,514828093245422229,11478482241219840
60,27,21,12,12,open,629234336188849391,13632613801334528
60,28,14,12,14,known,719124955644399304,86008864327188480
60,28,20,14,12,open,719124955644399304,30728680274992128
60,29,15,14,14,known,768719780171599256,89819554193227776
60,30,16,14,16,known,768719780171599256,89819554193227776
60,29,17,16,12,known,768719780171599256,79574668017934336
60,30,18,12,18,known,768719780171599256,79574668017934336
60,29,19,18,10,known,768719780171599256,52881790173335552
60,30,20,10,20,known,768719780171599256,52881790173335552
62,27,24,11,12,open,315781937536156420,2110278848335840
62,28,19,12,13,open,383449495579618510,32286397503360000
62,29,16,13,14,open,436339081176807270,24685974809395200
62,30,15,14,15,known,465428353255261088,32718251012751360
62,31,16,15,16,known,465428353255261088,32718251012751360
63,8,2,1,1,known,13524394180,4712198400
63,11,8,1,2,known,2033085292368,2945124000
63,16,10,1,5,open,1093369811559060,10014364039680
63,16,8,4,4,open,1093369811559060,71531171712000
63,18,6,3,6,known,7396325195840700,2240443002470400
63,18,14,5,5,open,7396325195840700,1788279292800
63,19,8,5,6,open,17128332032473200,3360664503705600
63,20,8,7,6,known,36825913869817380,8961772009881600
63,20,10,9,5,open,36825913869817380,3696730954076160
63,21,8,5,8,open,73651827739634760,20681012330496000
63,22,14,5,9,open,137260224423864780,1980391582540800
63,22,10,7,8,known,137260224423864780,26885316029644800
63,23,10,9,8,open,238713433780634400,57906834525388800
63,24,18,9,9,open,387909329893530900,385076141049600
63,26,14,13,9,known,839077719738929916,116503036128460800
63,27,12,11,12,open,1118770292985239888,315454374747832320
64,13,6,1,3,open,2795071975719597,387556166891520
64,14,7,3,3,open,9982399913284275,1197378299774976
64,15,6,5,3,known,32609173050061965,4921833320785920
64,15,9,8,2,known,32609173050061965,2399569131335552
64,16,5,1,5,impossible,97827519150185895,12673640151937024
64,17,13,0,6,impossible,270464317650513945,4663480216122560
64,17,8,3,5,open,270464317650513945,35510192987343360
64,18,9,5,5,known,691186589551313415,83743660477002240
64,19,8,7,5,open,1637020869989952825,218948359346276352
64,22,18,10,6,open,14078379481913594295,125485450702266720
64,23,13,12,6,open,25096241685150320265,2656941606333087744
64,24,12,4,12,impossible,41827069475250533775,5072853606103908352
64,25,19,6,12,open,65250228381390832689,1603823477641798336
64,26,24,8,12,open,95365718403571217007,87797548783731716
64,27,18,9,13,open,130686354849338334417,9463045156753971200
64,27,18,17,7,open,130686354849338334417,9463045156753971200
64,28,14,10,14,open,168025313377720715679,17889228115178291200
64,29,17,12,14,open,202789171317938794785,23124696473935167488
64,29,27,14,12,open,202789171317938794785,162210032938322068
64,30,15,13,15,open,229827727493663967423,21047420390569672704
64,30,18,14,14,known,229827727493663967423,26053088978126159872
64,30,21,15,13,open,229827727493663967423,15630819005351080960
64,30,24,16,12,open,229827727493663967423,4694669712654618368
64,31,16,15,15,known,244655322815835836289,22494699576949407744
64,32,17,15,17,known,244655322815835836289,22494699576949407744
64,31,17,16,14,known,244655322815835836289,26264210457868533760
64,32,18,14,18,known,244655322815835836289,26264210457868533760
64,31,19,18,12,known,244655322815835836289,27649990596190470144
64,32,20,12,20,known,244655322815835836289,27649990596190470144
64,31,23,22,8,known,244655322815835836289,11994959056606456320
64,32,24,8,24,known,244655322815835836289,11994959056606456320
65,11,4,1,2,open,743595781824,129248870400
65,14,4,3,3,open,47855699958816,15259983298560
65,22,16,6,8,open,80347448443237920,90606150835200
65,25,10,9,10,open,401038568751465792,114710681726484480
65,28,16,12,12,open,1118770292985239888,116503036128460800
66,10,5,4,1,open,716055197312,66656237856
66,11,2,1,2,known,3580275986560,766660044800
66,17,15,2,5,open,7471588449452400,21932849324160
66,19,9,4,6,open,49286267666563200,3702791337895936
66,21,7,6,7,known,242910890642347200,23111958638100480
66,21,9,8,6,known,242910890642347200,22413291105587200
66,22,11,0,11,known,485821781284694400,35433419054272512
66,22,8,6,8,known,485821781284694400,58762455887708160
66,23,17,4,10,open,908275504140950400,37044274400033472
66,23,9,8,8,known,908275504140950400,89068110219509760
66,25,20,5,12,impossible,2606750696884527648,53536510824015648
66,25,15,10,9,open,2606750696884527648,148241975599038464
66,27,25,12,10,open,5792779326410061440,2926094225633280
66,29,25,12,13,open,10030354350902150720,67517430801933840
66,30,15,12,15,known,12036425221082580864,1178434502452838400
66,30,20,13,14,open,12036425221082580864,657502703479345152
66,31,17,14,15,open,13589512346383559040,1257679203943219200
66,31,26,17,12,open,13589512346383559040,211470967804561536
66,32,16,15,16,known,14438856868032531480,1390409166545879040
66,33,17,16,17,known,14438856868032531480,1390409166545879040
66,32,17,16,15,known,14438856868032531480,1429926848866222080
66,33,18,15,18,known,14438856868032531480,1429926848866222080
66,32,21,20,11,known,14438856868032531480,806969516417925120
66,33,22,11,22,known,14438856868032531480,806969516417925120
68,13,7,0,3,open,126858817408400,9206883687680
68,16,4,3,4,known,5618939476782060,932034928312320
68,19,7,6,5,known,120757909808035500,10625745040834560
68,22,16,9,6,open,1356252472753105200,51509706876517120
68,29,19,10,14,open,39432989811245830800,2006239406014300160
68,32,16,14,16,known,67067883477352788030,6472735182703820800
68,32,22,16,14,open,67067883477352788030,3377445561869729792
68,33,17,16,16,known,71132603688101441850,6651653182639308800
68,34,18,16,18,known,71132603688101441850,6651653182639308800
69,21,12,7,6,open,187692294101632320,4756028128051200
69,22,8,7,7,known,400978991944396320,110495694451507200
69,23,8,7,8,open,801957983888792640,235724148163215360
69,24,12,7,9,open,1503671219791486200,167585136584785920
69,25,20,7,10,open,2646461346833015712,178351054801920
70,9,3,2,1,open,226688299552,25914168448
70,11,5,0,2,open,7295241640128,598773072128
70,13,5,4,2,known,154603005527328,13514845310720
70,14,3,2,3,open,618412022109312,74381964666880
70,15,9,0,4,impossible,2267510747734144,145409365133760
70,18,12,6,4,open,68925657581859936,3682558802470912
70,20,6,5,6,open,462527439036165360,62813084341534720
70,22,20,4,8,open,2354685144184114560,1835687563241864
70,26,20,12,8,open,28093205066381243712,824320961073722112
70,27,12,11,10,open,44741030290903462208,4900793293321404416
70,28,14,7,14,known,67111545436355193312,6065704203374428160
70,28,12,10,12,known,67111545436355193312,7421481424953802752
70,29,20,9,14,open,94881840099674583648,4886689889726627840
70,29,13,12,12,known,94881840099674583648,9386877290788945920
70,30,15,10,15,known,126509120132899444864,11775558628636753920
70,30,24,11,14,open,126509120132899444864,3034248133100941120
70,31,19,12,15,open,159156635005905753216,7590886122540564480
70,31,26,13,14,open,159156635005905753216,1822755524089253600
70,32,21,14,15,open,188998504069513081944,8356995524387328000
70,32,26,15,14,open,188998504069513081944,4281760692339934720
70,33,18,15,16,known,211907413653696485816,19714108140621987840
70,33,21,16,15,open,211907413653696485816,9910216131412746240
70,33,24,17,14,open,211907413653696485816,10775153322620610560
70,34,17,16,17,known,224372555633325690864,22132104926016307200
70,35,18,17,18,known,224372555633325690864,22132104926016307200
70,34,19,18,15,known,224372555633325690864,20480842591718277120
70,35,20,15,20,known,224372555633325690864,20480842591718277120
70,34,20,19,14,known,224372555633325690864,16937032433353359360
70,35,21,14,21,known,224372555633325690864,16937032433353359360
72,8,1,0,1,known,531956282000,82050553472
72,11,6,5,1,known,128027369178800,9058923336064
72,14,11,1,3,open,12035979596974000,116719733644992
72,15,12,3,3,open,45736722468501200,345879427992576
72,15,8,7,2,known,45736722468501200,3179208433399680
72,16,4,2,4,known,160078528639754200,26293186558115840
72,16,11,5,3,open,160078528639754200,4222558353265728
72,17,5,4,4,known,517901122069793000,58124253562847232
72,17,8,7,3,known,517901122069793000,49496139661378560
72,18,6,0,6,known,1553703366209379000,229143742577885184
72,18,5,3,5,open,1553703366209379000,160108464321003520
72,19,11,2,6,known,4334014653110373000,231578707241664000
72,19,6,5,5,known,4334014653110373000,625674629717688320
72,20,14,4,6,known,11268438098086969800,278741223383123200
72,21,7,4,7,open,27366206809639783800,2771257077389393920
72,21,15,6,6,known,27366206809639783800,605246824336428288
72,22,9,6,7,known,62195924567363145000,6497037824649461760
72,22,14,8,6,open,62195924567363145000,2551806650197117440
72,23,9,8,7,open,132504361034817135000,13680427458112552960
72,23,11,10,6,known,132504361034817135000,12219632303850143744
72,23,15,14,4,known,132504361034817135000,4979333235553006080
72,24,12,0,12,known,265008722069634270000,25215335330028699648
72,24,10,4,10,known,265008722069634270000,32033837167706275840
72,24,9,6,9,known,265008722069634270000,26014319334915768320
72,25,15,6,10,open,498216397490912427600,27249740301816389632
72,25,11,8,9,known,498216397490912427600,50491950899171328000
72,26,18,8,10,open,881459780176229679600,27632996332206944000
72,26,11,10,9,known,881459780176229679600,88237993536527532032
72,27,19,10,10,open,1469099633627049466000,43639783976017160960
72,28,18,12,10,open,2308585138556792018000,109945526730392139776
72,29,15,14,10,open,3423074515791105406000,323994247768256020480
72,30,15,9,15,open,4792304322107547568400,474655517041348313088
72,31,20,11,15,open,6338208942142240332400,344624027705297829888
72,31,16,15,12,known,6338208942142240332400,661409163093053669376
72,32,16,12,16,known,7922761177677800415500,831763886163931299840
72,32,23,13,15,open,7922761177677800415500,262450499616776314880
72,33,19,14,16,known,9363263209982855036500,846452691401436364800
72,33,24,15,15,open,9363263209982855036500,305999930797071964160
72,34,17,15,17,open,10464823587627896805500,1000946372360601600000
72,34,20,16,16,known,10464823587627896805500,954937959044797562880
72,34,23,17,15,open,10464823587627896805500,536948004307757236224
72,35,18,17,17,known,11062813506920919480100,1079603837363337297920
72,36,19,17,19,known,11062813506920919480100,1079603837363337297920
72,35,19,18,16,known,11062813506920919480100,1118011082038168125440
72,36,20,16,20,known,11062813506920919480100,1118011082038168125440
72,35,20,19,15,known,11062813506920919480100,1096717051594542940160
72,36,21,15,21,known,11062813506920919480100,1096717051594542940160
72,35,23,22,12,known,11062813506920919480100,706435844393766256640
72,36,24,12,24,known,11062813506920919480100,706435844393766256640
72,35,26,25,9,known,11062813506920919480100,355894982614672035840
72,36,27,9,27,known,11062813506920919480100,355894982614672035840
74,33,27,14,15,open,1261879780299227847996,43414401272118127104
74,34,22,15,16,open,1484564447410856291760,68341062979087761408
74,35,19,16,17,open,1654228955686382725104,81030930606642954240
74,36,18,17,18,known,1746130564335626209832,115671236848621977600
74,37,19,18,19,known,1746130564335626209832,115671236848621977600
75,12,8,1,2,open,65832201319248,129722947200
75,13,8,3,2,open,313968960137952,1504786187520
75,14,6,5,2,known,1368007612029648,108344605501440
75,16,8,1,4,open,20178112277437308,704239935759360
75,17,10,3,4,open,68842971299491992,563391948607488
75,18,10,5,4,known,218002742448391308,3521199678796800
75,19,8,7,4,open,642534398795258592,78533423139225600
75,20,16,3,6,open,1766969596686961128,44014995984960
75,22,10,5,7,open,10946032436619226728,1209414716344074240
75,24,8,7,8,known,52588547141148893628,15150909633321369600
75,24,14,13,5,known,52588547141148893628,950254419984629760
75,25,10,5,10,known,105177094282297787256,24241455413314191360
75,26,14,7,10,open,198218369993561214444,10942323624065433600
75,26,10,9,9,known,198218369993561214444,51513092753292656640
75,27,16,9,10,open,352388213321886603456,8206742718049075200
75,28,16,11,10,known,591508786647452512944,24620228154147225600
75,28,24,14,8,open,591508786647452512944,1124827675171200
75,29,14,13,10,known,938255316751131572256,156992282676701429760
75,29,20,19,6,open,938255316751131572256,2507615830514995200
75,30,18,3,18,impossible,1407382975126697358384,46504875402278092800
75,30,16,6,16,impossible,1407382975126697358384,147180265009407590400
75,30,14,9,14,open,1407382975126697358384,294360530018815180800
75,30,26,13,11,open,1407382975126697358384,1817029321430400
75,31,18,11,14,open,1997575835663699476416,114473539451761459200
75,32,20,13,14,known,2684242529173096171434,74407800643644948480
75,33,20,15,14,open,3416308673493031490916,171710309177642188800
75,34,18,17,14,open,4119666341565126209634,744078006436449484800
75,36,30,13,21,impossible,5100539280033013402404,134148679045032960
76,17,13,6,3,open,118694778102572400,2798989999411200
76,18,6,5,4,open,382460951663844400,49812037922390016
76,19,5,4,5,open,1147382854991533200,95132267521966080
76,20,10,3,6,open,3212671993976292960,141229608934182912
76,33,21,12,16,open,8134068270221503549800,229131901578391977984
76,36,18,16,18,known,13078305846238495903600,1283915652299119656960
76,36,24,18,16,open,13078305846238495903600,379999624847293022208
76,37,19,18,18,known,13785241297386522709200,1307050693858744074240
76,38,20,18,20,known,13785241297386522709200,1307050693858744074240
77,13,4,3,2,open,152724276564800,33885555630080
77,21,6,5,6,open,2906703232645217440,897831681974599680
77,26,16,10,8,open,153720368566435227528,1504569498308997120
77,29,16,9,12,open,824553701122641067200,47977880505517670400
77,34,16,15,15,open,4545508739241428454300,1108822127238630604800
77,37,34,15,20,open,6715886785906254653200,306231365563200
78,12,2,1,2,known,220495674290430,51092199337984
78,17,7,6,3,known,294322814176378680,23744778231263232
78,19,13,0,6,impossible,3046499304632691600,94995455123261952
78,23,21,8,6,open,145967053639357658400,39675092194886208
78,24,8,6,8,known,328425870688554731400,42354175949946814464
78,24,13,8,7,open,328425870688554731400,15980111772258017280
78,25,9,8,8,known,696262845859736030568,66482396065044037632
78,26,13,0,13,known,1392525691719472061136,93047374848188350464
78,26,9,8,9,known,1392525691719472061136,123733449126697107456
78,27,13,8,10,open,2630326306581225004368,205656301793296121856
78,28,21,8,11,open,4697011261752187507800,101808376365627250176
78,29,13,12,10,known,7936329373305420271800,746647049598943297536
78,31,23,8,15,open,19251998995889277562560,522796853334963437568
78,34,28,18,12,open,48837791570454417346200,424372059161783631360
78,35,28,15,16,open,60000715357986855596760,953336556213802338816
78,36,18,15,18,known,70000834584317998196220,7083168087358470881280
78,36,23,16,17,known,70000834584317998196220,3102319438107866038272
78,37,20,17,18,known,77568492377217241244460,7565544464671144673280
78,37,29,20,15,open,77568492377217241244460,1856476061459282621952
78,38,19,18,19,known,81651044607597096046800,7550763769271738695680
78,39,20,19,20,known,81651044607597096046800,7550763769271738695680
78,38,20,19,18,known,81651044607597096046800,8090271904135045447680
78,39,21,18,21,known,81651044607597096046800,8090271904135045447680
78,38,25,24,13,known,81651044607597096046800,3580027174254677852160
78,39,26,13,26,known,81651044607597096046800,3580027174254677852160
80,9,2,1,1,known,10702198715780,2552596207616
80,14,10,4,2,open,64699730713220460,1111540573822720
80,15,3,2,3,known,280365499757288660,34085807308214272
80,16,4,0,4,known,1121461999029154640,182191227729465344
80,17,7,2,4,open,4156006231696278960,424267945443336192
80,18,8,4,4,open,14315132575842738640,1371431562427756544
80,19,7,6,4,known,45959109848758266160,5282703933430263808
80,19,13,12,2,open,45959109848758266160,964309804597637120
80,20,6,2,6,known,137877329546274798480,18808212204360171520
80,21,9,4,6,open,387369640153819671920,38358379236509802496
80,22,10,6,6,known,1021247233132797316880,98329013372202229760
80,23,9,8,6,known,2530917056024758567920,275663391896326963200
80,23,19,10,5,open,2530917056024758567920,8198494426849607040
80,23,16,15,3,open,2530917056024758567920,50683121806812758016
80,24,9,3,9,impossible,5905473130724436658480,642007013279982419968
80,26,16,5,10,open,26983469535771656731824,1072723582826337406976
80,27,18,9,9,open,52967551310959178029136,1477794974361002654720
80,30,15,5,15,impossible,288320907382314737547760,26559777804959537430528
80,30,12,10,12,known,288320907382314737547760,29222915442093450067968
80,31,24,7,15,impossible,455733047152691036769040,5146104834605405454336
80,31,13,12,12,known,455733047152691036769040,43564068629082730921984
80,31,19,18,8,known,455733047152691036769040,22724106098848354250752
80,32,16,8,16,known,683599570729036555153560,67690145801424785375232
80,33,23,10,16,open,973611509826203578552040,26781728877263801212928
80,34,28,12,16,open,1317239101529569547452760,7506773039314526009344
80,34,16,15,14,known,1317239101529569547452760,132442659203944425193472
80,35,22,13,17,open,1693593130538017989582120,94471443962209551253504
80,35,31,14,16,open,1693593130538017989582120,1618807415208473859328
80,36,18,14,18,open,2069947159546466431711480,205999320142908438872064
80,36,32,16,16,open,2069947159546466431711480,1900440458606343218240
80,37,21,16,18,open,2405614266499947474691720,217130118988757149679616
80,37,31,18,16,open,2405614266499947474691720,12567043980043143809024
80,38,19,17,19,open,2658836820868362998343480,245923567630802957107200
80,38,22,18,18,known,2658836820868362998343480,239961133039727330721792
80,38,25,19,17,open,2658836820868362998343480,141156552093359340322816
80,38,28,20,16,open,2658836820868362998343480,66634135142567755350016
80,38,31,21,15,impossible,2658836820868362998343480,24382810278855379175424
80,39,20,19,19,known,2795187427066740588002120,260511729999839829688320
80,40,21,19,21,known,2795187427066740588002120,260511729999839829688320
80,39,21,20,18,known,2795187427066740588002120,274031199571991923261440
80,40,22,18,22,known,2795187427066740588002120,274031199571991923261440
80,39,23,22,16,known,2795187427066740588002120,250676346633093996871680
80,40,24,16,24,known,2795187427066740588002120,250676346633093996871680
80,39,24,23,15,known,2795187427066740588002120,220303760840073258467328
80,40,25,15,25,known,2795187427066740588002120,220303760840073258467328
80,39,29,28,10,known,2795187427066740588002120,69721458784224995033088
80,40,30,10,30,known,2795187427066740588002120,69721458784224995033088
81,17,10,9,2,open,1522346605016952000,8495592875827200
81,22,12,3,7,open,406331790371139516000,7730989517002752000
81,24,8,5,8,open,2433574092331498623000,656539417443926016000
81,24,16,7,7,open,2433574092331498623000,3106201145224320000
81,25,10,7,8,open,5451205966822556915520,1050463067910281625600
81,25,20,11,6,open,5451205966822556915520,57982421377520640
81,26,10,9,8,open,11531397237509255013600,2626157669775704064000
81,26,12,11,7,open,11531397237509255013600,1313078834887852032000
81,26,14,13,6,known,11531397237509255013600,406429163179573248000
81,27,12,3,12,impossible,23062794475018510027200,3501543559700938752000
81,27,10,7,10,open,23062794475018510027200,5870234791263338496000
81,28,20,5,12,impossible,43654575256285036837200,19051367024042496000
81,28,16,7,11,open,43654575256285036837200,1066876553346379776000
81,28,12,9,10,known,43654575256285036837200,8316165954289729536000
81,29,26,7,12,open,78277169425062824673600,4223661230880000
81,29,12,11,10,open,78277169425062824673600,17610704373790015488000
81,30,20,11,11,open,133071188022606801945120,391188069560339251200
81,32,16,15,11,open,328653639773575266900750,45441906821654593536000
81,33,30,15,12,open,478041657852473115492000,11102195235456000
81,34,26,17,12,open,660822291737242247886000,102584283975613440000
81,35,20,19,12,open,868509297711804097221600,64628489701908755251200
81,36,24,6,24,impossible,1085636622139755121527000,10442458385784262656000
81,36,20,11,20,impossible,1085636622139755121527000,121178418191078916096000
81,37,28,13,20,open,1291027334436465549924000,556886113010472960000
81,38,34,15,20,open,1460899352125474174914000,188574051425760000
82,37,29,16,17,open,316888527543496089526800,18662779268321866629120
82,38,24,17,18,open,366923558208258629978400,10952373759978386227200
82,39,21,18,19,open,404556743665515925360800,19264910166840075878400
82,40,20,19,20,known,424784580848791721628840,26705387750796967280640
82,41,21,20,21,known,424784580848791721628840,26705387750796967280640
84,9,7,0,1,impossible,4930403370750,52050457552
84,12,2,0,2,known,1452765764115900,389257544203264
84,13,3,2,2,known,7934336096325300,889736884405248
84,17,8,1,4,open,3056702981109321825,175007804346603520
84,20,5,4,5,known,122697130189089970800,12031990719788875776
84,20,11,10,3,open,122697130189089970800,4151015357844367360
84,21,7,0,7,known,368091390567269912400,34912244328469626880
84,21,6,3,6,known,368091390567269912400,59649129675707383808
84,22,13,2,7,open,1037348464325942480400,29642929011265136640
84,22,8,5,6,open,1037348464325942480400,130849236688612884480
84,23,17,4,7,open,2751228535820977882800,26119370885422777088
84,23,8,7,6,known,2751228535820977882800,375618271336260960256
84,23,13,12,4,known,2751228535820977882800,87907882562522440704
84,24,8,4,8,known,6878071339552444707000,977378905527114792960
84,24,19,6,7,open,6878071339552444707000,27730690947417640448
84,25,11,6,8,open,16232248361343769508520,1134606966912940769280
84,25,19,8,7,open,16232248361343769508520,119705996305429683968
84,26,12,8,8,open,36210400190689947365160,2831676533874756157440
84,26,17,10,7,open,36210400190689947365160,800449340014908712960
84,26,22,12,6,open,36210400190689947365160,38791674281782085120
84,27,9,8,9,known,76444178180345444437560,7178163083998872207360
84,27,11,10,8,known,76444178180345444437560,6727689495943886929920
84,27,13,12,7,known,76444178180345444437560,4548025385740877168640
84,28,14,0,14,known,152888356360690888875120,9736696391529521479680
84,28,10,8,10,known,152888356360690888875120,19810509505049328353280
84,29,19,6,12,known,289960675856482720280400,6680726460549847946240
84,29,11,10,10,known,289960675856482720280400,27716683479000907776000
84,31,27,10,12,open,892330596022853274669360,469547174884468231040
84,31,17,12,11,known,892330596022853274669360,40661342929439840010240
84,33,27,14,12,open,2240966610466483792067370,7490093424709728232960
84,35,15,14,15,open,4613754786254525454256350,437882155801118869815296
84,35,19,18,12,known,4613754786254525454256350,291545568250910552227840
84,36,18,12,18,known,6151673048339367272341800,597893685369328901816320
84,37,23,14,18,open,7814287385728385454055800,285195832837992138670080
84,38,26,16,18,open,9459400519565940286488600,236100731620101349908480
84,39,27,18,18,known,10914692907191469561333000,268512924242027661844480
84,40,20,18,20,known,12006162197910616517466300,1235928011295974951485440
84,40,26,20,18,open,12006162197910616517466300,425796788073313248215040
84,41,21,20,20,known,12591828646589183176854900,1268129558834024326103040
84,42,22,20,22,known,12591828646589183176854900,1268129558834024326103040
84,41,23,22,18,known,12591828646589183176854900,1099154091499528716288000
84,42,24,18,24,known,12591828646589183176854900,1099154091499528716288000
84,41,27,26,14,known,12591828646589183176854900,441856827762633180446720
84,42,28,14,28,known,12591828646589183176854900,441856827762633180446720
85,16,4,3,3,known,63871405575418665,19702910346362880
85,18,6,3,4,open,950974260789566790,183893829899386880
85,32,16,12,12,open,156157854303999323067138,17048140206293945548800
85,34,14,13,14,open,369100382900362036340508,91880503006552632852480
85,36,24,14,16,open,717695188972926181773210,3917628178719063244800
86,38,37,16,17,open,4165286445248277128925600,20070448091803678800
86,39,30,17,18,open,5019704177606898078448800,346630323102292766351360
86,40,25,18,19,open,5772659804247932790216120,136978959215262522408960
86,41,22,19,20,open,6335846126613584769749400,317103639139612706734080
86,42,21,20,21,known,6637553085023755473070800,398151052669403057356800
86,43,22,21,22,known,6637553085023755473070800,398151052669403057356800
87,26,22,9,7,open,7219505855279971192968,3309473222240640
87,27,14,9,8,open,16043346345066602651040,610002104323394764800
87,28,10,9,9,known,33805622655676055586120,8473048837307702968320
87,29,10,9,10,open,67611245311352111172240,17837997552226743091200
87,30,14,9,11,open,128461366091569011227256,15433053239381887549440
87,31,22,9,12,open,232059241971866600926656,82604451627126374400
88,9,3,0,1,open,6155001608040,619941675072
88,14,8,3,2,open,64904491956781800,3520030046088768
88,18,12,2,4,open,23086273261607847900,839982912016714752
88,20,5,3,5,open,285054721430168479860,24519023794646089728
88,21,6,5,5,known,909460301705775626220,125150729906681413632
88,21,9,8,4,known,909460301705775626220,55674126837198704640
88,22,6,4,6,known,2728380905117326878660,372351123801738117120
88,23,17,0,8,impossible,7710641688375054222300,159379263220000305408
88,23,7,6,6,known,7710641688375054222300,648991126337941340160
88,24,15,5,7,open,20561711169000144592800,815674554024701296640
88,27,12,11,7,open,279154226404158886128096,21780687637192433860608
88,32,12,11,12,open,7570932769332147855232152,761227120492971700518912
88,33,27,6,16,impossible,12618221282220246425386920,93035767261918016605440
88,36,33,11,17,open,43835064521595377077772712,7563689443579619315280
88,37,27,16,15,open,60421305151388222458551576,1966762257629682911084544
88,39,24,15,19,open,99886773023550030380196600,4108118184483650933391360
88,40,20,16,20,known,119864127628260036456235920,10341171871734755126935552
88,41,23,18,20,open,137405219476298090571782640,9194182720797294555299840
88,41,38,21,17,open,137405219476298090571782640,17701212406514027059200
88,42,21,19,21,open,150491430854993146816714320,12531711572480482376417280
88,42,24,20,20,open,150491430854993146816714320,10240519692116003614883840
88,42,27,21,19,open,150491430854993146816714320,5890988473328570636697600
88,42,36,24,16,impossible,150491430854993146816714320,731194847424103136935680
88,43,22,21,21,known,157491032290109107133770800,13368478522482093730037760
88,44,23,21,23,known,157491032290109107133770800,13368478522482093730037760
88,43,23,22,20,known,157491032290109107133770800,12966046599934362664304640
88,44,24,20,24,known,157491032290109107133770800,12966046599934362664304640
88,43,32,31,11,known,157491032290109107133770800,5277953012263129486479360
88,44,33,11,33,known,157491032290109107133770800,5277953012263129486479360
90,9,1,0,1,known,6356272757670,1014266002688
90,13,4,1,2,open,14060075339966040,1876135277652480
90,14,4,3,2,open,76326123274101360,11241128330370048
90,15,3,0,3,known,381630616370506800,47681933591871488
90,16,5,2,3,open,1765041600713593950,178067330215477248
90,17,5,4,3,known,7579296285417197550,819173401808699392
90,17,9,8,2,known,7579296285417197550,362790299945399040
90,18,4,2,4,known,30317185141668790200,4879996033494220800
90,19,5,4,4,known,113290533950446531800,12722621590059417600
90,22,17,6,5,open,4026963524965872175800,44310236891412691584
90,24,8,2,8,impossible,32259479542389649930050,3957505522996030341120
90,25,13,4,8,open,83874646810213089818130,3144743203472762830848
90,26,16,6,8,open,206460669071293759552320,8047271582190283272192
90,26,12,11,6,known,206460669071293759552320,12679724391845696962560
90,27,9,6,9,known,481741561166352105622080,46810509184470593044480
90,27,17,8,8,open,481741561166352105622080,18573414181620470599680
90,28,11,8,9,open,1066713456868351091020320,97408016244599402004480
90,28,16,10,8,known,1066713456868351091020320,36417777486167363420160
90,29,11,10,9,known,2243776581688600570766880,213134439207902421975040
90,29,13,12,8,known,2243776581688600570766880,161491893311224243814400
90,29,17,16,6,known,2243776581688600570766880,74118344875051069931520
90,29,19,18,5,known,2243776581688600570766880,84812772308880416047104
90,30,15,0,15,known,4487553163377201141533760,225566288270729797435392
90,30,12,6,12,known,4487553163377201141533760,473246163392882383257600
90,30,11,8,11,known,4487553163377201141533760,422910518948172650250240
90,31,25,4,14,impossible,8540826988363060237112640,58479908257370376548352
90,31,17,8,12,open,8540826988363060237112640,302342754448241571594240
90,31,13,10,11,known,8540826988363060237112640,766320492296945962844160
90,32,20,10,12,open,15480248916408046679766660,516093404686852793335808
90,32,13,12,11,open,15480248916408046679766660,1440122870061504921600000
90,33,21,12,12,open,26738611764704807901415140,889661948690036805304320
90,34,20,14,12,open,44040066435984389484683760,1391292492235808053985280
90,35,14,13,14,open,69205818685118326333074480,6750569691320332257853440
90,35,17,16,12,known,69205818685118326333074480,5367404716769521665310720
90,36,18,9,18,known,103808728027677489499611720,8243286277342867116523520
90,36,16,12,16,known,103808728027677489499611720,10302837782267719109836800
90,37,26,11,18,open,148698988796402890364308680,5296564611294379599052800
90,38,32,13,18,open,203482826774025007866948720,782279534625765601119744
90,38,20,16,16,open,203482826774025007866948720,14952108647918232487854080
90,39,36,15,18,open,266092927319878856441394480,20078295308492081562560
90,40,20,15,20,known,332616159149848570551743100,30896765817010221924483072
90,40,38,17,18,open,332616159149848570551743100,3522315097732463045760
90,41,24,17,20,open,397516873130306828220375900,20627152294842495286640640
90,41,31,18,19,open,397516873130306828220375900,12318337420125252401233920
90,41,38,19,18,open,397516873130306828220375900,26888150314044830661440
90,41,25,24,14,open,397516873130306828220375900,15121022370777939127173120
90,42,21,18,21,known,454304997863207803680429600,41524472183074999385456640
90,42,26,19,20,open,454304997863207803680429600,17185202428432824548720640
90,42,36,21,18,open,454304997863207803680429600,1496292697755184289157120
90,43,23,20,21,known,496565927896994576115818400,44035462932500718771240960
90,43,26,21,20,open,496565927896994576115818400,24881054849304561922867200
90,43,32,23,18,open,496565927896994576115818400,17238521662448105634361344
90,44,22,21,22,known,519137106437767056848355600,45923642782999168658964480
90,45,23,22,23,known,519137106437767056848355600,45923642782999168658964480
90,44,23,22,21,known,519137106437767056848355600,47818678023876140806963200
90,45,24,21,24,known,519137106437767056848355600,47818678023876140806963200
90,44,24,23,20,known,519137106437767056848355600,46315924991437693142433792
90,45,25,20,25,known,519137106437767056848355600,46315924991437693142433792
90,44,26,25,18,known,519137106437767056848355600,33690476253248791280353280
90,45,27,18,27,known,519137106437767056848355600,33690476253248791280353280
90,44,29,28,15,known,519137106437767056848355600,15332513111069542255165440
90,45,30,15,30,known,519137106437767056848355600,15332513111069542255165440
91,12,6,5,1,open,273897571557780,4764013013760
91,13,2,1,2,known,1643385429346680,706806294405120
91,25,10,9,6,open,11613412635260273974818,1610405555413762179072
91,26,8,6,8,open,29033531588150684937045,7894144879479226368000
91,27,18,3,10,open,68820223023764586517440,42714267721719193600
91,37,30,19,12,open,25250771682408037986392040,89866381440500121600
91,38,18,17,15,open,35218181557042789823125740,6790543425328030521753600
91,39,18,15,18,open,46957575409390386430834320,10347494743356998890291200
91,40,30,13,21,open,59870908646972742699313758,10610224102075047690240
92,21,14,7,4,open,883666164813482948040,40122523864148115456
92,22,7,6,5,open,2811665069861082107400,177817980378313392128
92,23,6,5,6,open,8434995209583246322200,1305205464699583856640
92,24,11,4,7,open,23899153093819197912900,601745036609293975552
92,25,22,3,8,open,64049730291435450406572,55776115661760169984
92,38,34,12,18,open,241875812957803311238071120,123882473962076810682240
92,41,25,16,20,open,531536847499953130306102632,9849302646356624899768320
92,43,39,22,18,open,721077118701486804678821400,283324396932112205577600
92,44,22,20,22,known,786629584037985605104168800,70038063827871327798165504
92,44,28,22,20,open,786629584037985605104168800,14629803559862745791201280
92,45,23,22,22,known,821590898884118298664354080,71075669261973228733071360
92,46,24,22,24,known,821590898884118298664354080,71075669261973228733071360
93,26,18,5,8,open,113318753592539643027012,21777964084718899200
93,28,12,7,9,open,643038958878300355272330,77165266196909437747200
93,30,10,9,10,known,2980152968042881646503488,773659436693719886069760
93,32,12,11,11,known,11361833190663486277294548,2707808028428019601244160
93,34,18,13,12,open,35847495093537202693068360,1859315461696960738099200
93,36,28,15,13,open,94056999031138088970860316,1291829233207189248000
94,42,39,18,19,open,1061584796267413394700983688,107693541557493246844720
94,43,32,19,20,open,1259088944410187979761631816,101033776061865406978842624
94,44,27,20,21,open,1430782891375213613365490700,25003593490435609073418240
94,45,24,21,22,open,1557963592830788156775756540,75754323746472144926670848
94,46,23,22,23,known,1625701140345170250548615520,93384137402912976194764800
94,47,24,23,24,known,1625701140345170250548615520,93384137402912976194764800
95,18,6,5,3,open,9007607943130625829,1400772274461880320
95,19,4,3,4,open,36030431772522503316,12215965681460969472
95,20,10,1,5,open,135114119146959387435,2311274252862102528
95,36,24,16,12,open,124356667503056438866191906,178590824417847221452800
95,37,16,15,14,open,194937478788574958222679204,41123683152826896325017600
95,38,16,14,16,open,292406218182862437334018806,67293299704625830350028800
95,39,24,13,18,open,419865338929238371556539824,5561043517257273480314880
96,10,5,1,1,open,2334239781124251,172601226880128
96,11,4,3,1,open,18037307399596485,2578928920657920
96,13,5,0,2,known,806128892243504445,95933195244453888
96,14,6,2,2,open,4721612083140526035,467265996718172160
96,15,5,4,2,known,25496705248958840589,3446931217788301312
96,15,10,9,1,open,25496705248958840589,400237830374646784
96,16,3,1,3,open,127483526244794202945,16153650963355566080
96,17,4,3,3,open,592423445490514237215,89998369446324125696
96,18,16,0,4,impossible,2567168263792228361265,1076053505476909868
96,20,5,1,5,open,39534391262400316763481,4639058418616287363072
96,21,8,3,5,open,141194254508572559869575,16356368429126174244864
96,21,19,6,4,open,141194254508572559869575,27875375300731242332
96,22,9,5,5,open,474926128801562246834025,48864309422501054513152
96,22,16,8,4,open,474926128801562246834025,3181007388654013085568
96,23,8,7,5,known,1507374234891914957342775,182839449279593964896256
96,23,11,10,4,known,1507374234891914957342775,114332333381030319226880
96,23,14,13,3,known,1507374234891914957342775,40785412720540044492800
96,24,8,0,8,known,4522122704675744872028325,539728710905469375086592
96,24,7,3,7,known,4522122704675744872028325,479349760781820641673216
96,25,15,2,8,open,12842828481279115436560443,396648859260464746954752
96,25,10,5,7,open,12842828481279115436560443,1394964372561659223343104
96,26,20,4,8,open,34576845911136080021508885,127578044908787780687872
96,26,11,7,7,open,34576845911136080021508885,3461106158571533428064256
96,27,23,6,8,open,88363050661792204499411595,60819847809290329558480
96,27,10,9,7,open,88363050661792204499411595,9796874905574948426743808
96,28,24,8,8,open,214595980178638210927142445,128210796018214945159040
96,29,23,10,8,open,495790712826508970073053235,1276454337545231431088128
96,30,10,8,10,known,1090739568218319734160717117,100113526486784367350775808
96,30,15,10,9,open,1090739568218319734160717117,85260605372442013950017536
96,30,20,12,8,open,1090739568218319734160717117,19084574470128966302023680
96,31,11,10,10,known,2287034578522283313562793955,207890489997507731310772224
96,31,15,14,8,known,2287034578522283313562793955,197143602951852674491613184
96,32,16,0,16,known,4574069157044566627125587910,377973798095077206394142720
96,32,12,8,12,known,4574069157044566627125587910,436199016261864459841044480
96,32,11,10,11,known,4574069157044566627125587910,370903631958416604685926400
96,33,15,10,12,known,8732313845266899924512486010,840146835485047005008363520
96,34,23,10,13,open,15923631129604346921169827430,297017701912520373460795392
96,34,16,12,12,known,15923631129604346921169827430,1507777186531109358702166016
96,34,29,17,9,impossible,15923631129604346921169827430,12117498971417624004307968
96,35,15,14,12,known,27752614254453290348324556378,2631844484039002004423442432
96,35,20,19,9,open,27752614254453290348324556378,1640310164343183279062515712
96,35,25,24,6,open,27752614254453290348324556378,323666429706639851504984064
96,36,18,6,18,impossible,46254357090755483913874260630,4150062027894954176515670016
96,36,15,11,15,open,46254357090755483913874260630,4130975473216081917531652096
96,37,29,8,18,impossible,73756947793366852727529226410,309459707606942810529546240
96,37,18,13,15,open,73756947793366852727529226410,6903083615205902517817835520
96,38,19,15,15,open,112576394000402038373597240310,10308365539327909092571217920
96,39,18,17,15,open,164534729692895286853719043530,15060748012326378473902833664
96,40,25,5,25,impossible,230348621570053401595206660942,11108616887784278733290471424
96,40,20,12,20,open,230348621570053401595206660942,21364773006186652839494811648
96,40,35,13,19,open,230348621570053401595206660942,117182686655170297652179968
96,40,30,20,14,open,230348621570053401595206660942,2077090635069839876764696576
96,41,27,14,20,open,309004248447632611896008935410,11128589357974933729013399552
96,42,21,15,21,open,397291176575527643866297202670,36096354219940310509808517120
96,42,32,16,20,open,397291176575527643866297202670,3356644641696658468654395392
96,43,26,17,21,open,489684473453557328486366319570,33061392947504260225733492736
96,43,35,18,20,open,489684473453557328486366319570,1637279769434631903595008000
96,44,22,18,22,open,578718014081476842756614741310,50133772288262770193581735936
96,44,29,19,21,open,578718014081476842756614741310,25480945746074075413395537920
96,44,36,20,20,known,578718014081476842756614741310,1896907938259791036414791680
96,45,25,20,22,open,655880415959007088457496706818,58831329567256034676322598912
96,45,30,21,21,open,655880415959007088457496706818,28523558921548101925614911488
96,45,35,22,20,open,655880415959007088457496706818,5221661522279169300214607872
96,45,40,23,19,open,655880415959007088457496706818,283995666038636247911837184
96,46,23,21,23,open,712913495607616400497279029150,55949674153446355145563570176
96,46,26,22,22,known,712913495607616400497279029150,63817806948158424872524972032
96,46,29,23,21,open,712913495607616400497279029150,46707819983203496682938695680
96,46,32,24,20,open,712913495607616400497279029150,23463615852402475927277273088
96,46,38,26,18,impossible,712913495607616400497279029150,2279603341972977023847936000
96,47,24,23,23,known,743250240101557523922695158050,58481834420263484488647966720
96,48,25,23,25,known,743250240101557523922695158050,58481834420263484488647966720
96,47,25,24,22,known,743250240101557523922695158050,64505132346573104824952291328
96,48,26,22,26,known,743250240101557523922695158050,64505132346573104824952291328
96,47,26,25,21,known,743250240101557523922695158050,67224781071090636542428839936
96,48,27,21,27,known,743250240101557523922695158050,67224781071090636542428839936
96,47,27,26,20,known,743250240101557523922695158050,66412145066129887199919865856
96,48,28,20,28,known,743250240101557523922695158050,66412145066129887199919865856
96,47,29,28,18,known,743250240101557523922695158050,56265457248161325475503800320
96,48,30,18,30,known,743250240101557523922695158050,56265457248161325475503800320
96,47,31,30,16,known,743250240101557523922695158050,40176045563116463857342349312
96,48,32,16,32,known,743250240101557523922695158050,40176045563116463857342349312
96,47,35,34,12,known,743250240101557523922695158050,12668591083750968481289601024
96,48,36,12,36,known,743250240101557523922695158050,12668591083750968481289601024
98,13,7,6,1,known,23304945957520600,2185842727090176
98,16,13,0,3,impossible,3965336554672130090,46381521812274880
98,17,15,2,3,open,18893662407555443370,39584963118858240
98,18,15,4,3,open,83971832922468637200,534231128002158400
98,19,13,6,3,known,349146042151316965200,20317238590650512896
98,20,9,8,3,open,1361669564390136164280,51458164273571155968
98,22,12,1,6,open,17247814482275058080880,1089540700493491513344
98,23,16,3,6,open,56242873311766493742000,3027844379503470979584
98,24,18,5,6,open,173415526044613355704500,4820484453935501869056
98,25,18,7,6,open,506373336050270998657140,21774480146868541238784
98,26,16,9,6,known,1402264622908442765512080,100472866602900775526400
98,27,12,11,6,open,3687436600981460605605840,146781520934199957127168
98,27,17,16,4,open,3687436600981460605605840,264335650866882696093696
98,28,10,3,10,impossible,9218591502453651514014600,796178942068210905645056
98,29,16,5,10,open,21933890126527653602310600,852808122361219998253056
98,30,20,7,10,open,49716817620129348165237360,3431653712831322565238784
98,31,22,9,10,open,107452476791892462163577520,5969690895731255267694592
98,32,22,11,10,known,221620733383278203212378635,14509234752148040742469632
98,33,20,13,10,open,436525686967063127539533675,21056441063831444493336576
98,34,16,15,10,open,821695410761530593015592800,37364307304144288472891392
98,35,15,8,15,open,1479051739370755067428067040,77157040708909227728437248
98,36,21,10,15,open,2547255773360744838348337680,68518239156542028887621632
98,37,25,12,15,open,4199529788513660409168881040,272735575787908873690365952
98,38,27,14,15,open,6630836508179463803950864800,426596892711260347914829824
98,39,27,16,15,known,10031265486733034985464128800,655192265385088720474931200
98,40,25,18,15,open,14545334955762900728922986760,456888160094584221739253760
98,41,21,20,15,open,20221563231182569306063664520,854966874867211805097197568
98,41,25,24,12,open,20221563231182569306063664520,463044390496865658754301952
98,42,27,6,27,impossible,26962084308243425741418219360,897989123184337260298371072
98,42,24,10,24,impossible,26962084308243425741418219360,685607865942819892842463232
98,42,21,14,21,known,26962084308243425741418219360,1386345066036565583354396672
98,43,37,12,24,impossible,34486386905892753855302373600,112285016158967419924592128
98,43,27,16,21,open,34486386905892753855302373600,819982086355120548833132544
98,44,31,18,21,open,42324202111777470640598367600,2558854658595206703418638336
98,44,40,19,20,open,42324202111777470640598367600,10307922604872578851341792
98,45,33,20,21,known,49848504709426798754482521840,3224292921454143019043856384
98,46,28,21,22,open,56350483584569424678980242080,1270116134579090775044259840
98,46,33,22,21,open,56350483584569424678980242080,3432772330131741304799379456
98,47,25,22,23,open,61146269421554056566553028640,3628629319659547141324406784
98,47,31,24,21,open,61146269421554056566553028640,1526665020742696992614645760
98,48,24,23,24,known,63694030647452142256826071500,4325440828944496801225900032
98,49,25,24,25,known,63694030647452142256826071500,4325440828944496801225900032
98,48,27,26,21,known,63694030647452142256826071500,3198818902180615747010560000
98,49,28,21,28,known,63694030647452142256826071500,3198818902180615747010560000
99,10,2,1,1,known,28011228029512,9466931561472
99,20,8,4,4,open,684326242616581251792,49918430144459735040
99,24,12,5,6,open,91863359742551939778600,1757128741084982673408
99,28,14,5,9,open,5162411241374044847848176,148790462000194608168960
99,30,10,7,10,open,28660283098662800707019184,7042441433619118172405760
99,30,18,9,9,open,28660283098662800707019184,94027305847345203773440
99,31,12,9,10,open,62867717764808724131525952,11737402389365196954009600
99,32,12,11,10,open,131629284070068266150382462,28169765734476472689623040
99,32,14,13,9,known,131629284070068266150382462,15929331814138481580441600
99,33,12,9,12,known,263258568140136532300764924,61705201132662749701079040
99,34,26,5,15,impossible,503288439091437488222050590,4068489195317821317120
99,34,18,9,13,open,503288439091437488222050590,16924915052522136679219200
99,34,14,11,12,known,503288439091437488222050590,92557801698994124551618560
99,35,14,13,12,known,920298860052914264177463936,193930632131225784774819840
99,36,22,13,13,open,1610523005092599962310561888,9231771846830256370483200
99,38,18,17,13,open,4332146518677249685247898336,593912560901878965872885760
99,40,32,16,16,open,9830640176998374285754846224,23800661792609254705152
99,44,20,19,20,open,30724235607068089798360296480,6932445205513067183808184320
100,16,7,0,3,open,18088366854389188896,1228303835682795520
100,17,9,2,3,open,88313791112606039904,4527651676536609280
100,18,9,4,3,open,402318381735205292896,21923266833391841280
100,19,7,6,3,known,1715146785292190985504,131748804107033731072
100,19,11,10,2,known,1715146785292190985504,72006888772681874944
100,20,5,0,5,known,6860587141168763942016,581009425445684838400
100,21,9,2,5,open,25808875435825350067584,1661640407351884517376
100,22,11,4,5,open,91504194727017150239616,4671836409366696550400
100,23,11,6,5,known,306340130173057416019584,16651956434155689127936
100,24,6,5,6,known,970077078881348484062016,122253591992026526646272
100,24,9,8,5,known,970077078881348484062016,71508617593245462429696
100,27,9,8,7,known,22394685385115574832918848,1721629030030242506342400
100,28,22,12,6,open,57586333847440049570362752,310233764296962124768128
100,29,15,14,6,open,140987231143732535155026048,6753209095222790835666944
100,30,12,2,12,impossible,328970206002042582028394112,29443882730153125027512320
100,30,18,11,8,open,328970206002042582028394112,12015873979174635566743552
100,31,21,4,12,impossible,732224006907772198708361088,19724760366740846584217600
100,32,28,6,12,open,1555976014679015922255267312,494447484875609611816960
100,35,14,9,14,open,11388698393154814019196116208,1039838802091605234265620480
100,36,18,11,14,open,20246574921164113811904206592,1302223627205988176337305600
100,37,20,13,14,open,34473897838738896490539595008,1828330567956663257970769920
100,37,33,16,12,open,34473897838738896490539595008,5229168246374536958125760
100,38,20,15,14,known,56246885947416094274038286592,3332224975123333837419970560
100,38,28,18,12,open,56246885947416094274038286592,1098499544023924067809394688
100,39,18,17,14,open,87975898533137993608111166208,7108271539332969495160422400
100,39,21,20,12,open,87975898533137993608111166208,4755439597725608170010705920
100,39,24,23,10,known,87975898533137993608111166208,3256765664226683779030712320
100,39,27,26,8,open,87975898533137993608111166208,2496740749230279283387056128
100,40,24,4,24,impossible,131963847799706990412166749312,5424382706437378907693383680
100,40,20,10,20,known,131963847799706990412166749312,9434648216549162408969502720
100,40,18,13,18,known,131963847799706990412166749312,11018307948124959835108147200
100,41,29,12,20,open,189899195614212498397996053888,5202544581365824537099567104
100,41,22,15,18,open,189899195614212498397996053888,11707096471097593679786803200
100,42,36,14,20,open,262241746324388688263899312512,300785153864753329197674752
100,42,24,17,18,known,262241746324388688263899312512,13736406963170937004910182400
100,43,41,16,20,open,347622780011398958861447925888,775288018969276071931504
100,43,24,19,18,open,347622780011398958861447925888,20413633696660831003685683200
100,44,22,21,18,open,442428992741780493096388269312,34205389178037051838924062720
100,45,27,12,27,impossible,540746546684398380451141218048,26246195002517716824470061056
100,45,27,18,22,open,540746546684398380451141218048,26246195002517716824470061056
100,46,44,22,20,open,634789424368641577051339690752,1185609770148837646836624
100,47,41,24,20,open,715826372160383054972787310848,668857977773750160047006208
100,48,24,22,24,known,775478569840414976220519586752,59087720539556876585114009600
100,48,30,24,22,open,775478569840414976220519586752,37132368344735557378936668160
100,48,36,26,20,open,775478569840414976220519586752,19833105567964908149502394368
100,49,25,24,24,known,807130756364513546678499978048,60427574492464742062677295104
100,50,26,24,26,known,807130756364513546678499978048,60427574492464742062677295104
100,49,29,28,20,known,807130756364513546678499978048,49292837674236643642466893824
100,50,30,20,30,known,807130756364513546678499978048,49292837674236643642466893824
