n,k,t,lambda,mu,lib_id,members,source_method
28,12,6,4,6,1,10 12 13 14 15 17 20 22 23 24 25 27,exhaustive
28,12,6,4,6,1,10 12 13 15 18 20 21 22 23 24 25 27,exhaustive
28,12,6,4,6,1,10 13 14 16 17 18 19 20 21 23 24 27,exhaustive
28,12,6,4,6,1,12 14 15 17 18 20 21 23 24 26 27 28,exhaustive
28,12,6,4,6,1,12 14 15 17 20 22 23 24 25 26 27 28,exhaustive
28,12,6,4,6,1,14 16 17 18 19 20 21 22 23 24 25 27,exhaustive
28,12,6,4,6,1,16 18 19 20 21 22 23 24 25 26 27 28,exhaustive
28,12,6,4,6,1,2 4 5 6 7 8 9 10 11 12 13 15,exhaustive
28,12,6,4,6,1,2 4 5 6 7 8 9 11 12 15 26 28,exhaustive
28,12,6,4,6,1,2 4 5 6 7 8 9 11 14 16 17 19,exhaustive
28,12,6,4,6,1,2 4 5 6 7 8 9 11 16 19 22 25,exhaustive
28,12,6,4,6,1,2 4 5 6 7 9 16 18 19 20 21 23,exhaustive
28,12,6,4,6,1,2 4 5 7 10 12 13 15 18 20 21 23,exhaustive
28,12,6,4,6,1,2 4 5 7 10 12 13 15 20 22 23 25,exhaustive
28,12,6,4,6,1,2 4 5 7 12 14 15 17 20 22 23 25,exhaustive
28,12,6,4,6,1,2 4 5 7 14 16 17 18 19 20 21 23,exhaustive
28,12,6,4,6,1,2 4 5 7 14 16 17 19 20 23 26 28,exhaustive
28,12,6,4,6,1,2 4 5 7 8 10 11 13 14 16 17 19,exhaustive
28,12,6,4,6,1,2 4 5 7 8 10 11 13 16 19 26 28,exhaustive
28,12,6,4,6,1,2 4 5 7 8 11 12 15 22 25 26 28,exhaustive
28,12,6,4,6,1,2 4 5 7 8 11 16 18 19 21 22 25,exhaustive
28,12,6,4,6,1,2 4 5 7 8 11 16 18 19 21 26 28,exhaustive
28,12,6,4,6,1,2 5 10 12 13 14 15 17 20 23 24 27,exhaustive
28,12,6,4,6,1,2 5 10 12 13 15 20 23 24 26 27 28,exhaustive
28,12,6,4,6,1,2 5 12 15 18 20 21 22 23 24 25 27,exhaustive
28,12,6,4,6,1,2 5 12 15 18 20 21 23 24 26 27 28,exhaustive
28,12,6,4,6,1,2 5 16 19 20 22 23 24 25 26 27 28,exhaustive
28,12,6,4,6,1,2 5 6 8 9 11 12 15 18 21 24 27,exhaustive
28,12,6,4,6,1,2 5 6 9 10 13 16 19 20 23 24 27,exhaustive
28,12,6,4,6,1,2 5 6 9 12 14 15 17 20 23 24 27,exhaustive
28,12,6,4,6,1,2 5 6 9 12 15 20 22 23 24 25 27,exhaustive
28,12,6,4,6,1,2 5 6 9 16 19 20 23 24 26 27 28,exhaustive
28,12,6,4,6,1,2 5 8 10 11 13 16 18 19 21 24 27,exhaustive
28,12,6,4,6,1,2 5 8 10 11 13 16 19 22 24 25 27,exhaustive
28,12,6,4,6,1,2 5 8 11 12 14 15 17 18 21 24 27,exhaustive
28,12,6,4,6,1,2 5 8 11 12 14 15 17 24 26 27 28,exhaustive
28,12,6,4,6,1,2 5 8 11 14 16 17 19 22 24 25 27,exhaustive
28,12,6,4,6,1,4 6 7 8 9 10 11 12 13 14 15 17,exhaustive
28,12,6,4,6,1,4 6 7 8 9 10 11 13 16 18 19 21,exhaustive
28,12,6,4,6,1,4 6 7 8 9 10 11 13 16 19 26 28,exhaustive
28,12,6,4,6,1,4 6 7 8 9 11 14 16 17 18 19 21,exhaustive
28,12,6,4,6,1,4 6 7 8 9 11 16 19 22 25 26 28,exhaustive
28,12,6,4,6,1,4 6 7 9 10 13 16 19 20 22 23 25,exhaustive
28,12,6,4,6,1,4 6 7 9 12 14 15 17 20 22 23 25,exhaustive
28,12,6,4,6,1,4 6 7 9 12 14 15 17 20 23 26 28,exhaustive
28,12,6,4,6,1,4 6 7 9 12 15 18 20 21 23 26 28,exhaustive
28,12,6,4,6,1,4 6 7 9 16 18 19 20 21 22 23 25,exhaustive
28,12,6,4,6,1,4 7 10 12 13 15 18 20 21 23 26 28,exhaustive
28,12,6,4,6,1,4 7 10 13 14 16 17 19 20 23 26 28,exhaustive
28,12,6,4,6,1,4 7 10 13 16 19 20 22 23 25 26 28,exhaustive
28,12,6,4,6,1,4 7 8 10 11 12 13 14 15 17 18 21,exhaustive
28,12,6,4,6,1,4 7 8 10 11 13 14 16 17 19 22 25,exhaustive
28,12,6,4,6,1,4 7 8 10 11 13 16 18 19 21 22 25,exhaustive
28,12,6,4,6,1,4 7 8 11 12 14 15 17 18 21 22 25,exhaustive
28,12,6,4,6,1,4 7 8 11 12 15 18 21 22 25 26 28,exhaustive
28,12,6,4,6,1,4 7 8 11 14 16 17 18 19 21 26 28,exhaustive
28,12,6,4,6,1,4 7 8 11 14 16 17 19 22 25 26 28,exhaustive
28,12,6,4,6,1,6 8 9 10 11 12 13 15 22 24 25 27,exhaustive
28,12,6,4,6,1,6 8 9 11 12 15 18 21 22 24 25 27,exhaustive
28,12,6,4,6,1,6 8 9 11 14 16 17 19 22 24 25 27,exhaustive
28,12,6,4,6,1,6 8 9 11 14 16 17 19 24 26 27 28,exhaustive
28,12,6,4,6,1,6 8 9 11 16 18 19 21 24 26 27 28,exhaustive
28,12,6,4,6,1,6 9 10 12 13 15 18 20 21 23 24 27,exhaustive
28,12,6,4,6,1,6 9 10 12 13 15 20 23 24 26 27 28,exhaustive
28,12,6,4,6,1,6 9 10 13 14 16 17 19 20 23 24 27,exhaustive
28,12,6,4,6,1,6 9 12 14 15 17 18 20 21 23 24 27,exhaustive
28,12,6,4,6,1,6 9 12 15 20 22 23 24 25 26 27 28,exhaustive
28,12,6,4,6,1,8 10 11 12 13 14 15 17 24 26 27 28,exhaustive
28,12,6,4,6,1,8 10 11 12 13 15 22 24 25 26 27 28,exhaustive
28,12,6,4,6,1,8 10 11 13 16 18 19 21 24 26 27 28,exhaustive
28,13,7,6,6,1,2 3 4 5 6 7 8 9 10 11 12 13 15,exhaustive
28,13,7,6,6,1,2 3 4 5 6 7 8 9 11 12 15 26 28,exhaustive
28,13,7,6,6,1,2 3 4 5 6 7 8 9 11 14 16 17 19,exhaustive
28,13,7,6,6,1,2 3 4 5 6 7 8 9 11 16 19 22 25,exhaustive
28,13,7,6,6,1,2 3 4 5 6 7 9 16 18 19 20 21 23,exhaustive
28,13,7,6,6,1,2 3 4 5 7 10 12 13 15 18 20 21 23,exhaustive
28,13,7,6,6,1,2 3 4 5 7 10 12 13 15 20 22 23 25,exhaustive
28,13,7,6,6,1,2 3 4 5 7 12 14 15 17 20 22 23 25,exhaustive
28,13,7,6,6,1,2 3 4 5 7 14 16 17 18 19 20 21 23,exhaustive
28,13,7,6,6,1,2 3 4 5 7 14 16 17 19 20 23 26 28,exhaustive
28,13,7,6,6,1,2 3 4 5 7 8 10 11 13 14 16 17 19,exhaustive
28,13,7,6,6,1,2 3 4 5 7 8 10 11 13 16 19 26 28,exhaustive
28,13,7,6,6,1,2 3 4 5 7 8 11 12 15 22 25 26 28,exhaustive
28,13,7,6,6,1,2 3 4 5 7 8 11 16 18 19 21 22 25,exhaustive
28,13,7,6,6,1,2 3 4 5 7 8 11 16 18 19 21 26 28,exhaustive
28,13,7,6,6,1,2 3 5 10 12 13 14 15 17 20 23 24 27,exhaustive
28,13,7,6,6,1,2 3 5 10 12 13 15 20 23 24 26 27 28,exhaustive
28,13,7,6,6,1,2 3 5 12 15 18 20 21 22 23 24 25 27,exhaustive
28,13,7,6,6,1,2 3 5 12 15 18 20 21 23 24 26 27 28,exhaustive
28,13,7,6,6,1,2 3 5 16 19 20 22 23 24 25 26 27 28,exhaustive
28,13,7,6,6,1,2 3 5 6 8 9 11 12 15 18 21 24 27,exhaustive
28,13,7,6,6,1,2 3 5 6 9 10 13 16 19 20 23 24 27,exhaustive
28,13,7,6,6,1,2 3 5 6 9 12 14 15 17 20 23 24 27,exhaustive
28,13,7,6,6,1,2 3 5 6 9 12 15 20 22 23 24 25 27,exhaustive
28,13,7,6,6,1,2 3 5 6 9 16 19 20 23 24 26 27 28,exhaustive
28,13,7,6,6,1,2 3 5 8 10 11 13 16 18 19 21 24 27,exhaustive
28,13,7,6,6,1,2 3 5 8 10 11 13 16 19 22 24 25 27,exhaustive
28,13,7,6,6,1,2 3 5 8 11 12 14 15 17 18 21 24 27,exhaustive
28,13,7,6,6,1,2 3 5 8 11 12 14 15 17 24 26 27 28,exhaustive
28,13,7,6,6,1,2 3 5 8 11 14 16 17 19 22 24 25 27,exhaustive
28,13,7,6,6,1,3 10 12 13 14 15 17 20 22 23 24 25 27,exhaustive
28,13,7,6,6,1,3 10 12 13 15 18 20 21 22 23 24 25 27,exhaustive
28,13,7,6,6,1,3 10 13 14 16 17 18 19 20 21 23 24 27,exhaustive
28,13,7,6,6,1,3 12 14 15 17 18 20 21 23 24 26 27 28,exhaustive
28,13,7,6,6,1,3 12 14 15 17 20 22 23 24 25 26 27 28,exhaustive
28,13,7,6,6,1,3 14 16 17 18 19 20 21 22 23 24 25 27,exhaustive
28,13,7,6,6,1,3 16 18 19 20 21 22 23 24 25 26 27 28,exhaustive
28,13,7,6,6,1,3 4 6 7 8 9 10 11 12 13 14 15 17,exhaustive
28,13,7,6,6,1,3 4 6 7 8 9 10 11 13 16 18 19 21,exhaustive
28,13,7,6,6,1,3 4 6 7 8 9 10 11 13 16 19 26 28,exhaustive
28,13,7,6,6,1,3 4 6 7 8 9 11 14 16 17 18 19 21,exhaustive
28,13,7,6,6,1,3 4 6 7 8 9 11 16 19 22 25 26 28,exhaustive
28,13,7,6,6,1,3 4 6 7 9 10 13 16 19 20 22 23 25,exhaustive
28,13,7,6,6,1,3 4 6 7 9 12 14 15 17 20 22 23 25,exhaustive
28,13,7,6,6,1,3 4 6 7 9 12 14 15 17 20 23 26 28,exhaustive
28,13,7,6,6,1,3 4 6 7 9 12 15 18 20 21 23 26 28,exhaustive
28,13,7,6,6,1,3 4 6 7 9 16 18 19 20 21 22 23 25,exhaustive
28,13,7,6,6,1,3 4 7 10 12 13 15 18 20 21 23 26 28,exhaustive
28,13,7,6,6,1,3 4 7 10 13 14 16 17 19 20 23 26 28,exhaustive
28,13,7,6,6,1,3 4 7 10 13 16 19 20 22 23 25 26 28,exhaustive
28,13,7,6,6,1,3 4 7 8 10 11 12 13 14 15 17 18 21,exhaustive
28,13,7,6,6,1,3 4 7 8 10 11 13 14 16 17 19 22 25,exhaustive
28,13,7,6,6,1,3 4 7 8 10 11 13 16 18 19 21 22 25,exhaustive
28,13,7,6,6,1,3 4 7 8 11 12 14 15 17 18 21 22 25,exhaustive
28,13,7,6,6,1,3 4 7 8 11 12 15 18 21 22 25 26 28,exhaustive
28,13,7,6,6,1,3 4 7 8 11 14 16 17 18 19 21 26 28,exhaustive
28,13,7,6,6,1,3 4 7 8 11 14 16 17 19 22 25 26 28,exhaustive
28,13,7,6,6,1,3 6 8 9 10 11 12 13 15 22 24 25 27,exhaustive
28,13,7,6,6,1,3 6 8 9 11 12 15 18 21 22 24 25 27,exhaustive
28,13,7,6,6,1,3 6 8 9 11 14 16 17 19 22 24 25 27,exhaustive
28,13,7,6,6,1,3 6 8 9 11 14 16 17 19 24 26 27 28,exhaustive
28,13,7,6,6,1,3 6 8 9 11 16 18 19 21 24 26 27 28,exhaustive
28,13,7,6,6,1,3 6 9 10 12 13 15 18 20 21 23 24 27,exhaustive
28,13,7,6,6,1,3 6 9 10 12 13 15 20 23 24 26 27 28,exhaustive
28,13,7,6,6,1,3 6 9 10 13 14 16 17 19 20 23 24 27,exhaustive
28,13,7,6,6,1,3 6 9 12 14 15 17 18 20 21 23 24 27,exhaustive
28,13,7,6,6,1,3 6 9 12 15 20 22 23 24 25 26 27 28,exhaustive
28,13,7,6,6,1,3 8 10 11 12 13 14 15 17 24 26 27 28,exhaustive
28,13,7,6,6,1,3 8 10 11 12 13 15 22 24 25 26 27 28,exhaustive
28,13,7,6,6,1,3 8 10 11 13 16 18 19 21 24 26 27 28,exhaustive
28,12,6,4,6,3,10 12 13 14 15 17 20 22 23 24 25 27,exhaustive
28,12,6,4,6,3,10 12 13 15 18 20 21 22 23 24 25 27,exhaustive
28,12,6,4,6,3,10 13 14 16 17 18 19 20 21 23 24 27,exhaustive
28,12,6,4,6,3,12 14 15 17 18 20 21 23 24 26 27 28,exhaustive
28,12,6,4,6,3,12 14 15 17 20 22 23 24 25 26 27 28,exhaustive
28,12,6,4,6,3,14 16 17 18 19 20 21 22 23 24 25 27,exhaustive
28,12,6,4,6,3,16 18 19 20 21 22 23 24 25 26 27 28,exhaustive
28,12,6,4,6,3,2 4 5 6 7 8 9 10 11 12 13 15,exhaustive
28,12,6,4,6,3,2 4 5 6 7 8 9 11 12 15 26 28,exhaustive
28,12,6,4,6,3,2 4 5 6 7 8 9 11 14 16 17 19,exhaustive
28,12,6,4,6,3,2 4 5 6 7 8 9 11 16 19 22 25,exhaustive
28,12,6,4,6,3,2 4 5 6 7 9 16 18 19 20 21 23,exhaustive
28,12,6,4,6,3,2 4 5 7 10 12 13 15 18 20 21 23,exhaustive
28,12,6,4,6,3,2 4 5 7 10 12 13 15 20 22 23 25,exhaustive
28,12,6,4,6,3,2 4 5 7 12 14 15 17 20 22 23 25,exhaustive
28,12,6,4,6,3,2 4 5 7 14 16 17 18 19 20 21 23,exhaustive
28,12,6,4,6,3,2 4 5 7 14 16 17 19 20 23 26 28,exhaustive
28,12,6,4,6,3,2 4 5 7 8 10 11 13 14 16 17 19,exhaustive
28,12,6,4,6,3,2 4 5 7 8 10 11 13 16 19 26 28,exhaustive
28,12,6,4,6,3,2 4 5 7 8 11 12 15 22 25 26 28,exhaustive
28,12,6,4,6,3,2 4 5 7 8 11 16 18 19 21 22 25,exhaustive
28,12,6,4,6,3,2 4 5 7 8 11 16 18 19 21 26 28,exhaustive
28,12,6,4,6,3,2 5 10 12 13 14 15 17 20 23 24 27,exhaustive
28,12,6,4,6,3,2 5 10 12 13 15 20 23 24 26 27 28,exhaustive
28,12,6,4,6,3,2 5 12 15 18 20 21 22 23 24 25 27,exhaustive
28,12,6,4,6,3,2 5 12 15 18 20 21 23 24 26 27 28,exhaustive
28,12,6,4,6,3,2 5 16 19 20 22 23 24 25 26 27 28,exhaustive
28,12,6,4,6,3,2 5 6 8 9 11 12 15 18 21 24 27,exhaustive
28,12,6,4,6,3,2 5 6 9 10 13 16 19 20 23 24 27,exhaustive
28,12,6,4,6,3,2 5 6 9 12 14 15 17 20 23 24 27,exhaustive
28,12,6,4,6,3,2 5 6 9 12 15 20 22 23 24 25 27,exhaustive
28,12,6,4,6,3,2 5 6 9 16 19 20 23 24 26 27 28,exhaustive
28,12,6,4,6,3,2 5 8 10 11 13 16 18 19 21 24 27,exhaustive
28,12,6,4,6,3,2 5 8 10 11 13 16 19 22 24 25 27,exhaustive
28,12,6,4,6,3,2 5 8 11 12 14 15 17 18 21 24 27,exhaustive
28,12,6,4,6,3,2 5 8 11 12 14 15 17 24 26 27 28,exhaustive
28,12,6,4,6,3,2 5 8 11 14 16 17 19 22 24 25 27,exhaustive
28,12,6,4,6,3,4 6 7 8 9 10 11 12 13 14 15 17,exhaustive
28,12,6,4,6,3,4 6 7 8 9 10 11 13 16 18 19 21,exhaustive
28,12,6,4,6,3,4 6 7 8 9 10 11 13 16 19 26 28,exhaustive
28,12,6,4,6,3,4 6 7 8 9 11 14 16 17 18 19 21,exhaustive
28,12,6,4,6,3,4 6 7 8 9 11 16 19 22 25 26 28,exhaustive
28,12,6,4,6,3,4 6 7 9 10 13 16 19 20 22 23 25,exhaustive
28,12,6,4,6,3,4 6 7 9 12 14 15 17 20 22 23 25,exhaustive
28,12,6,4,6,3,4 6 7 9 12 14 15 17 20 23 26 28,exhaustive
28,12,6,4,6,3,4 6 7 9 12 15 18 20 21 23 26 28,exhaustive
28,12,6,4,6,3,4 6 7 9 16 18 19 20 21 22 23 25,exhaustive
28,12,6,4,6,3,4 7 10 12 13 15 18 20 21 23 26 28,exhaustive
28,12,6,4,6,3,4 7 10 13 14 16 17 19 20 23 26 28,exhaustive
28,12,6,4,6,3,4 7 10 13 16 19 20 22 23 25 26 28,exhaustive
28,12,6,4,6,3,4 7 8 10 11 12 13 14 15 17 18 21,exhaustive
28,12,6,4,6,3,4 7 8 10 11 13 14 16 17 19 22 25,exhaustive
28,12,6,4,6,3,4 7 8 10 11 13 16 18 19 21 22 25,exhaustive
28,12,6,4,6,3,4 7 8 11 12 14 15 17 18 21 22 25,exhaustive
28,12,6,4,6,3,4 7 8 11 12 15 18 21 22 25 26 28,exhaustive
28,12,6,4,6,3,4 7 8 11 14 16 17 18 19 21 26 28,exhaustive
28,12,6,4,6,3,4 7 8 11 14 16 17 19 22 25 26 28,exhaustive
28,12,6,4,6,3,6 8 9 10 11 12 13 15 22 24 25 27,exhaustive
28,12,6,4,6,3,6 8 9 11 12 15 18 21 22 24 25 27,exhaustive
28,12,6,4,6,3,6 8 9 11 14 16 17 19 22 24 25 27,exhaustive
28,12,6,4,6,3,6 8 9 11 14 16 17 19 24 26 27 28,exhaustive
28,12,6,4,6,3,6 8 9 11 16 18 19 21 24 26 27 28,exhaustive
28,12,6,4,6,3,6 9 10 12 13 15 18 20 21 23 24 27,exhaustive
28,12,6,4,6,3,6 9 10 12 13 15 20 23 24 26 27 28,exhaustive
28,12,6,4,6,3,6 9 10 13 14 16 17 19 20 23 24 27,exhaustive
28,12,6,4,6,3,6 9 12 14 15 17 18 20 21 23 24 27,exhaustive
28,12,6,4,6,3,6 9 12 15 20 22 23 24 25 26 27 28,exhaustive
28,12,6,4,6,3,8 10 11 12 13 14 15 17 24 26 27 28,exhaustive
28,12,6,4,6,3,8 10 11 12 13 15 22 24 25 26 27 28,exhaustive
28,12,6,4,6,3,8 10 11 13 16 18 19 21 24 26 27 28,exhaustive
28,13,7,6,6,3,2 3 4 5 6 7 8 9 10 11 12 13 15,exhaustive
28,13,7,6,6,3,2 3 4 5 6 7 8 9 11 12 15 26 28,exhaustive
28,13,7,6,6,3,2 3 4 5 6 7 8 9 11 14 16 17 19,exhaustive
28,13,7,6,6,3,2 3 4 5 6 7 8 9 11 16 19 22 25,exhaustive
28,13,7,6,6,3,2 3 4 5 6 7 9 16 18 19 20 21 23,exhaustive
28,13,7,6,6,3,2 3 4 5 7 10 12 13 15 18 20 21 23,exhaustive
28,13,7,6,6,3,2 3 4 5 7 10 12 13 15 20 22 23 25,exhaustive
28,13,7,6,6,3,2 3 4 5 7 12 14 15 17 20 22 23 25,exhaustive
28,13,7,6,6,3,2 3 4 5 7 14 16 17 18 19 20 21 23,exhaustive
28,13,7,6,6,3,2 3 4 5 7 14 16 17 19 20 23 26 28,exhaustive
28,13,7,6,6,3,2 3 4 5 7 8 10 11 13 14 16 17 19,exhaustive
28,13,7,6,6,3,2 3 4 5 7 8 10 11 13 16 19 26 28,exhaustive
28,13,7,6,6,3,2 3 4 5 7 8 11 12 15 22 25 26 28,exhaustive
28,13,7,6,6,3,2 3 4 5 7 8 11 16 18 19 21 22 25,exhaustive
28,13,7,6,6,3,2 3 4 5 7 8 11 16 18 19 21 26 28,exhaustive
28,13,7,6,6,3,2 3 5 10 12 13 14 15 17 20 23 24 27,exhaustive
28,13,7,6,6,3,2 3 5 10 12 13 15 20 23 24 26 27 28,exhaustive
28,13,7,6,6,3,2 3 5 12 15 18 20 21 22 23 24 25 27,exhaustive
28,13,7,6,6,3,2 3 5 12 15 18 20 21 23 24 26 27 28,exhaustive
28,13,7,6,6,3,2 3 5 16 19 20 22 23 24 25 26 27 28,exhaustive
28,13,7,6,6,3,2 3 5 6 8 9 11 12 15 18 21 24 27,exhaustive
28,13,7,6,6,3,2 3 5 6 9 10 13 16 19 20 23 24 27,exhaustive
28,13,7,6,6,3,2 3 5 6 9 12 14 15 17 20 23 24 27,exhaustive
28,13,7,6,6,3,2 3 5 6 9 12 15 20 22 23 24 25 27,exhaustive
28,13,7,6,6,3,2 3 5 6 9 16 19 20 23 24 26 27 28,exhaustive
28,13,7,6,6,3,2 3 5 8 10 11 13 16 18 19 21 24 27,exhaustive
28,13,7,6,6,3,2 3 5 8 10 11 13 16 19 22 24 25 27,exhaustive
28,13,7,6,6,3,2 3 5 8 11 12 14 15 17 18 21 24 27,exhaustive
28,13,7,6,6,3,2 3 5 8 11 12 14 15 17 24 26 27 28,exhaustive
28,13,7,6,6,3,2 3 5 8 11 14 16 17 19 22 24 25 27,exhaustive
28,13,7,6,6,3,2 4 6 11 12 13 14 19 20 21 22 27 28,exhaustive
28,13,7,6,6,3,2 4 6 11 13 14 15 16 18 20 25 27 28,exhaustive
28,13,7,6,6,3,2 4 6 11 13 15 16 17 18 20 22 27 28,exhaustive
28,13,7,6,6,3,2 4 6 11 13 15 16 17 18 20 25 27 28,exhaustive
28,13,7,6,6,3,2 4 6 8 10 12 14 19 21 23 25 27 28,exhaustive
28,13,7,6,6,3,2 4 6 8 10 12 17 19 21 23 25 26 27,exhaustive
28,13,7,6,6,3,2 4 6 8 10 12 17 19 21 23 25 27 28,exhaustive
28,13,7,6,6,3,2 4 6 8 10 15 16 17 18 23 25 27 28,exhaustive
28,13,7,6,6,3,2 4 6 8 10 15 16 17 21 22 23 27 28,exhaustive
28,13,7,6,6,3,2 4 6 8 12 13 17 19 21 22 23 26 27,exhaustive
28,13,7,6,6,3,2 4 6 8 12 13 17 19 21 23 25 26 27,exhaustive
28,13,7,6,6,3,2 4 6 8 13 14 15 16 21 23 25 26 27,exhaustive
28,13,7,6,6,3,2 4 6 8 13 14 15 16 21 23 25 27 28,exhaustive
28,13,7,6,6,3,2 4 6 8 13 15 16 17 18 23 25 26 27,exhaustive
28,13,7,6,6,3,2 4 6 8 13 15 16 17 21 22 23 27 28,exhaustive
28,13,7,6,6,3,2 4 8 9 10 14 15 16 18 23 25 27 28,exhaustive
28,13,7,6,6,3,2 4 8 9 10 14 15 16 21 23 25 27 28,exhaustive
28,13,7,6,6,3,2 4 8 9 10 15 16 17 21 22 23 26 27,exhaustive
28,13,7,6,6,3,2 4 8 9 10 15 16 17 21 23 25 26 27,exhaustive
28,13,7,6,6,3,2 4 8 9 12 13 17 18 19 22 23 26 27,exhaustive
28,13,7,6,6,3,2 4 8 9 12 13 17 19 21 22 23 26 27,exhaustive
28,13,7,6,6,3,2 4 8 9 13 14 15 16 18 22 23 27 28,exhaustive
28,13,7,6,6,3,2 4 8 9 13 14 15 16 21 22 23 26 27,exhaustive
28,13,7,6,6,3,2 4 8 9 13 15 16 17 18 22 23 27 28,exhaustive
28,13,7,6,6,3,2 4 8 9 13 15 16 17 18 23 25 26 27,exhaustive
28,13,7,6,6,3,2 4 9 10 11 12 14 19 20 21 22 27 28,exhaustive
28,13,7,6,6,3,2 4 9 10 11 12 17 18 19 20 22 27 28,exhaustive
28,13,7,6,6,3,2 4 9 10 11 12 17 18 19 20 25 26 27,exhaustive
28,13,7,6,6,3,2 4 9 10 11 12 17 18 19 20 25 27 28,exhaustive
28,13,7,6,6,3,2 4 9 10 11 12 17 19 20 21 22 27 28,exhaustive
28,13,7,6,6,3,2 4 9 10 11 14 15 16 20 21 25 26 27,exhaustive
28,13,7,6,6,3,2 4 9 11 12 13 14 19 20 21 22 27 28,exhaustive
28,13,7,6,6,3,2 4 9 11 13 14 15 16 18 20 25 26 27,exhaustive
28,13,7,6,6,3,2 4 9 11 13 14 15 16 18 20 25 27 28,exhaustive
28,13,7,6,6,3,2 4 9 11 13 14 15 16 20 21 25 26 27,exhaustive
28,13,7,6,6,3,2 6 7 10 11 12 17 18 19 20 24 25 28,exhaustive
28,13,7,6,6,3,2 6 7 10 11 12 17 19 20 21 22 24 28,exhaustive
28,13,7,6,6,3,2 6 7 10 11 14 15 16 20 21 24 25 28,exhaustive
28,13,7,6,6,3,2 6 7 10 11 15 16 17 20 21 24 25 26,exhaustive
28,13,7,6,6,3,2 6 7 10 11 15 16 17 20 21 24 25 28,exhaustive
28,13,7,6,6,3,2 6 7 11 12 13 14 19 20 21 24 25 26,exhaustive
28,13,7,6,6,3,2 6 7 11 12 13 14 19 20 21 24 25 28,exhaustive
28,13,7,6,6,3,2 6 7 11 12 13 17 18 19 20 24 25 26,exhaustive
28,13,7,6,6,3,2 6 7 11 12 13 17 19 20 21 22 24 28,exhaustive
28,13,7,6,6,3,2 6 7 11 13 15 16 17 20 21 22 24 26,exhaustive
28,13,7,6,6,3,2 6 7 11 13 15 16 17 20 21 24 25 26,exhaustive
28,13,7,6,6,3,2 6 7 8 12 13 14 18 19 23 24 25 28,exhaustive
28,13,7,6,6,3,2 6 7 8 12 13 17 18 19 22 23 24 28,exhaustive
28,13,7,6,6,3,2 6 7 8 12 13 17 18 19 23 24 25 28,exhaustive
28,13,7,6,6,3,2 6 7 8 13 14 15 16 21 22 23 24 28,exhaustive
28,13,7,6,6,3,2 7 8 9 10 12 14 19 21 23 24 25 26,exhaustive
28,13,7,6,6,3,2 7 8 9 10 14 15 16 21 22 23 24 28,exhaustive
28,13,7,6,6,3,2 7 8 9 10 15 16 17 18 22 23 24 28,exhaustive
28,13,7,6,6,3,2 7 8 9 10 15 16 17 18 23 24 25 26,exhaustive
28,13,7,6,6,3,2 7 8 9 10 15 16 17 18 23 24 25 28,exhaustive
28,13,7,6,6,3,2 7 8 9 10 15 16 17 21 22 23 24 28,exhaustive
28,13,7,6,6,3,2 7 8 9 12 13 14 18 19 23 24 25 26,exhaustive
28,13,7,6,6,3,2 7 8 9 12 13 14 18 19 23 24 25 28,exhaustive
28,13,7,6,6,3,2 7 8 9 12 13 14 19 21 23 24 25 26,exhaustive
28,13,7,6,6,3,2 7 8 9 13 14 15 16 21 22 23 24 28,exhaustive
28,13,7,6,6,3,2 7 9 10 11 12 14 18 19 20 24 25 28,exhaustive
28,13,7,6,6,3,2 7 9 10 11 12 14 19 20 21 24 25 28,exhaustive
28,13,7,6,6,3,2 7 9 10 11 12 17 19 20 21 22 24 26,exhaustive
28,13,7,6,6,3,2 7 9 10 11 12 17 19 20 21 24 25 26,exhaustive
28,13,7,6,6,3,2 7 9 11 12 13 14 18 19 20 22 24 28,exhaustive
28,13,7,6,6,3,2 7 9 11 12 13 14 19 20 21 22 24 26,exhaustive
28,13,7,6,6,3,2 7 9 11 12 13 17 18 19 20 22 24 28,exhaustive
28,13,7,6,6,3,2 7 9 11 12 13 17 18 19 20 24 25 26,exhaustive
28,13,7,6,6,3,2 7 9 11 13 15 16 17 18 20 22 24 26,exhaustive
28,13,7,6,6,3,2 7 9 11 13 15 16 17 20 21 22 24 26,exhaustive
28,13,7,6,6,3,3 10 12 13 14 15 17 20 22 23 24 25 27,exhaustive
28,13,7,6,6,3,3 10 12 13 15 18 20 21 22 23 24 25 27,exhaustive
28,13,7,6,6,3,3 10 13 14 16 17 18 19 20 21 23 24 27,exhaustive
28,13,7,6,6,3,3 12 14 15 17 18 20 21 23 24 26 27 28,exhaustive
28,13,7,6,6,3,3 12 14 15 17 20 22 23 24 25 26 27 28,exhaustive
28,13,7,6,6,3,3 14 16 17 18 19 20 21 22 23 24 25 27,exhaustive
28,13,7,6,6,3,3 16 18 19 20 21 22 23 24 25 26 27 28,exhaustive
28,13,7,6,6,3,3 4 6 7 8 9 10 11 12 13 14 15 17,exhaustive
28,13,7,6,6,3,3 4 6 7 8 9 10 11 13 16 18 19 21,exhaustive
28,13,7,6,6,3,3 4 6 7 8 9 10 11 13 16 19 26 28,exhaustive
28,13,7,6,6,3,3 4 6 7 8 9 11 14 16 17 18 19 21,exhaustive
28,13,7,6,6,3,3 4 6 7 8 9 11 16 19 22 25 26 28,exhaustive
28,13,7,6,6,3,3 4 6 7 9 10 13 16 19 20 22 23 25,exhaustive
28,13,7,6,6,3,3 4 6 7 9 12 14 15 17 20 22 23 25,exhaustive
28,13,7,6,6,3,3 4 6 7 9 12 14 15 17 20 23 26 28,exhaustive
28,13,7,6,6,3,3 4 6 7 9 12 15 18 20 21 23 26 28,exhaustive
28,13,7,6,6,3,3 4 6 7 9 16 18 19 20 21 22 23 25,exhaustive
28,13,7,6,6,3,3 4 7 10 12 13 15 18 20 21 23 26 28,exhaustive
28,13,7,6,6,3,3 4 7 10 13 14 16 17 19 20 23 26 28,exhaustive
28,13,7,6,6,3,3 4 7 10 13 16 19 20 22 23 25 26 28,exhaustive
28,13,7,6,6,3,3 4 7 8 10 11 12 13 14 15 17 18 21,exhaustive
28,13,7,6,6,3,3 4 7 8 10 11 13 14 16 17 19 22 25,exhaustive
28,13,7,6,6,3,3 4 7 8 10 11 13 16 18 19 21 22 25,exhaustive
28,13,7,6,6,3,3 4 7 8 11 12 14 15 17 18 21 22 25,exhaustive
28,13,7,6,6,3,3 4 7 8 11 12 15 18 21 22 25 26 28,exhaustive
28,13,7,6,6,3,3 4 7 8 11 14 16 17 18 19 21 26 28,exhaustive
28,13,7,6,6,3,3 4 7 8 11 14 16 17 19 22 25 26 28,exhaustive
28,13,7,6,6,3,3 6 8 9 10 11 12 13 15 22 24 25 27,exhaustive
28,13,7,6,6,3,3 6 8 9 11 12 15 18 21 22 24 25 27,exhaustive
28,13,7,6,6,3,3 6 8 9 11 14 16 17 19 22 24 25 27,exhaustive
28,13,7,6,6,3,3 6 8 9 11 14 16 17 19 24 26 27 28,exhaustive
28,13,7,6,6,3,3 6 8 9 11 16 18 19 21 24 26 27 28,exhaustive
28,13,7,6,6,3,3 6 9 10 12 13 15 18 20 21 23 24 27,exhaustive
28,13,7,6,6,3,3 6 9 10 12 13 15 20 23 24 26 27 28,exhaustive
28,13,7,6,6,3,3 6 9 10 13 14 16 17 19 20 23 24 27,exhaustive
28,13,7,6,6,3,3 6 9 12 14 15 17 18 20 21 23 24 27,exhaustive
28,13,7,6,6,3,3 6 9 12 15 20 22 23 24 25 26 27 28,exhaustive
28,13,7,6,6,3,3 8 10 11 12 13 14 15 17 24 26 27 28,exhaustive
28,13,7,6,6,3,3 8 10 11 12 13 15 22 24 25 26 27 28,exhaustive
28,13,7,6,6,3,3 8 10 11 13 16 18 19 21 24 26 27 28,exhaustive
28,13,7,6,6,3,4 5 6 10 11 12 17 18 19 20 25 26 27,exhaustive
28,13,7,6,6,3,4 5 6 10 11 15 16 17 18 20 22 27 28,exhaustive
28,13,7,6,6,3,4 5 6 10 11 15 16 17 20 21 22 26 27,exhaustive
28,13,7,6,6,3,4 5 6 10 11 15 16 17 20 21 22 27 28,exhaustive
28,13,7,6,6,3,4 5 6 11 12 13 14 18 19 20 25 26 27,exhaustive
28,13,7,6,6,3,4 5 6 11 12 13 14 19 20 21 22 26 27,exhaustive
28,13,7,6,6,3,4 5 6 11 12 13 14 19 20 21 22 27 28,exhaustive
28,13,7,6,6,3,4 5 6 11 12 13 14 19 20 21 25 26 27,exhaustive
28,13,7,6,6,3,4 5 6 11 12 13 17 18 19 20 25 26 27,exhaustive
28,13,7,6,6,3,4 5 6 11 13 15 16 17 18 20 22 27 28,exhaustive
28,13,7,6,6,3,4 5 6 8 10 12 14 18 19 23 25 27 28,exhaustive
28,13,7,6,6,3,4 5 6 8 10 12 14 19 21 23 25 27 28,exhaustive
28,13,7,6,6,3,4 5 6 8 10 14 15 16 21 22 23 27 28,exhaustive
28,13,7,6,6,3,4 5 6 8 10 14 15 16 21 23 25 26 27,exhaustive
28,13,7,6,6,3,4 5 6 8 10 15 16 17 18 23 25 27 28,exhaustive
28,13,7,6,6,3,4 5 6 8 10 15 16 17 21 23 25 26 27,exhaustive
28,13,7,6,6,3,4 5 6 8 13 14 15 16 18 22 23 27 28,exhaustive
28,13,7,6,6,3,4 5 6 8 13 14 15 16 18 23 25 27 28,exhaustive
28,13,7,6,6,3,4 5 6 8 13 15 16 17 18 22 23 26 27,exhaustive
28,13,7,6,6,3,4 5 6 8 13 15 16 17 21 22 23 26 27,exhaustive
28,13,7,6,6,3,4 5 8 9 10 12 14 18 19 22 23 27 28,exhaustive
28,13,7,6,6,3,4 5 8 9 10 12 14 18 19 23 25 27 28,exhaustive
28,13,7,6,6,3,4 5 8 9 10 14 15 16 18 23 25 26 27,exhaustive
28,13,7,6,6,3,4 5 8 9 10 14 15 16 21 22 23 27 28,exhaustive
28,13,7,6,6,3,4 5 8 9 10 15 16 17 18 22 23 26 27,exhaustive
28,13,7,6,6,3,4 5 8 9 10 15 16 17 18 22 23 27 28,exhaustive
28,13,7,6,6,3,4 5 8 9 12 13 14 18 19 22 23 26 27,exhaustive
28,13,7,6,6,3,4 5 8 9 12 13 14 18 19 22 23 27 28,exhaustive
28,13,7,6,6,3,4 5 8 9 12 13 17 18 19 22 23 26 27,exhaustive
28,13,7,6,6,3,4 5 8 9 13 14 15 16 18 23 25 26 27,exhaustive
28,13,7,6,6,3,4 5 8 9 13 14 15 16 21 22 23 26 27,exhaustive
28,13,7,6,6,3,4 5 9 10 11 12 17 18 19 20 25 26 27,exhaustive
28,13,7,6,6,3,4 5 9 10 11 14 15 16 20 21 22 26 27,exhaustive
28,13,7,6,6,3,4 5 9 10 11 14 15 16 20 21 25 26 27,exhaustive
28,13,7,6,6,3,4 5 9 10 11 15 16 17 20 21 22 26 27,exhaustive
28,13,7,6,6,3,5 6 7 10 11 12 14 19 20 21 22 24 28,exhaustive
28,13,7,6,6,3,5 6 7 10 11 12 14 19 20 21 24 25 26,exhaustive
28,13,7,6,6,3,5 6 7 10 11 12 17 18 19 20 24 25 28,exhaustive
28,13,7,6,6,3,5 6 7 10 11 12 17 19 20 21 24 25 26,exhaustive
28,13,7,6,6,3,5 6 7 10 11 14 15 16 18 20 24 25 28,exhaustive
28,13,7,6,6,3,5 6 7 10 11 14 15 16 20 21 24 25 28,exhaustive
28,13,7,6,6,3,5 6 7 11 12 13 14 18 19 20 22 24 28,exhaustive
28,13,7,6,6,3,5 6 7 11 12 13 14 18 19 20 24 25 28,exhaustive
28,13,7,6,6,3,5 6 7 11 12 13 17 18 19 20 22 24 26,exhaustive
28,13,7,6,6,3,5 6 7 11 12 13 17 19 20 21 22 24 26,exhaustive
28,13,7,6,6,3,5 6 7 8 10 12 17 18 19 22 23 24 28,exhaustive
28,13,7,6,6,3,5 6 7 8 10 12 17 19 21 22 23 24 26,exhaustive
28,13,7,6,6,3,5 6 7 8 10 12 17 19 21 22 23 24 28,exhaustive
28,13,7,6,6,3,5 6 7 8 10 15 16 17 18 23 24 25 26,exhaustive
28,13,7,6,6,3,5 6 7 8 12 13 17 18 19 22 23 24 28,exhaustive
28,13,7,6,6,3,5 6 7 8 13 14 15 16 18 23 24 25 26,exhaustive
28,13,7,6,6,3,5 6 7 8 13 14 15 16 21 22 23 24 26,exhaustive
28,13,7,6,6,3,5 6 7 8 13 14 15 16 21 22 23 24 28,exhaustive
28,13,7,6,6,3,5 6 7 8 13 14 15 16 21 23 24 25 26,exhaustive
28,13,7,6,6,3,5 6 7 8 13 15 16 17 18 23 24 25 26,exhaustive
28,13,7,6,6,3,5 7 8 9 10 12 14 19 21 22 23 24 26,exhaustive
28,13,7,6,6,3,5 7 8 9 10 12 14 19 21 23 24 25 26,exhaustive
28,13,7,6,6,3,5 7 8 9 10 12 17 19 21 22 23 24 26,exhaustive
28,13,7,6,6,3,5 7 8 9 10 15 16 17 18 23 24 25 26,exhaustive
28,13,7,6,6,3,5 7 9 10 11 12 14 18 19 20 24 25 26,exhaustive
28,13,7,6,6,3,5 7 9 10 11 12 14 19 20 21 22 24 28,exhaustive
28,13,7,6,6,3,5 7 9 10 11 12 17 18 19 20 22 24 26,exhaustive
28,13,7,6,6,3,5 7 9 10 11 12 17 18 19 20 22 24 28,exhaustive
28,13,7,6,6,3,5 7 9 10 11 14 15 16 18 20 22 24 28,exhaustive
28,13,7,6,6,3,5 7 9 10 11 14 15 16 18 20 24 25 28,exhaustive
28,13,7,6,6,3,5 7 9 11 12 13 14 18 19 20 24 25 26,exhaustive
28,13,7,6,6,3,5 7 9 11 12 13 14 19 20 21 22 24 26,exhaustive
28,13,7,6,6,3,5 7 9 11 13 14 15 16 18 20 22 24 26,exhaustive
28,13,7,6,6,3,5 7 9 11 13 14 15 16 18 20 22 24 28,exhaustive
28,13,7,6,6,3,5 7 9 11 13 15 16 17 18 20 22 24 26,exhaustive
