param_id,n,k,t,lambda,mu,existence_status
1,6,2,1,0,1,known
2,6,3,2,1,2,known
3,8,3,2,1,1,known
4,8,4,3,1,3,known
5,10,4,2,1,2,known
6,10,5,3,2,3,known
7,12,3,1,0,1,known
8,12,4,2,0,2,known
9,12,5,3,2,2,known
10,12,6,4,2,4,known
11,12,7,5,4,4,known
12,12,8,6,5,6,known
13,14,5,4,1,2,nonexistent
14,14,6,3,2,3,known
15,14,7,4,3,4,known
16,14,8,7,4,5,open
17,15,4,2,1,1,known
18,15,5,2,1,2,known
19,15,9,6,5,6,open
20,15,10,8,6,8,open
21,16,6,3,1,3,nonexistent
22,16,7,4,3,3,known
23,16,7,5,4,2,known
24,16,8,5,3,5,known
25,16,8,6,2,6,known
26,16,9,6,5,5,open
27,18,4,3,0,1,known
28,18,5,3,2,1,known
29,18,6,3,0,3,known
30,18,7,5,2,3,known
31,18,8,4,3,4,known
32,18,8,5,4,3,known
33,18,9,5,4,5,known
34,18,9,6,3,6,known
35,18,10,8,5,6,open
36,18,11,8,7,6,known
37,18,12,10,7,10,known
38,18,13,12,9,10,open
39,20,4,1,0,1,known
40,20,7,4,3,2,known
41,20,8,4,2,4,known
42,20,9,5,4,4,known
43,20,10,6,4,6,known
44,20,11,7,6,6,known
45,20,12,9,6,9,known
46,20,15,12,11,12,known
47,21,6,2,1,2,known
48,21,8,4,3,3,known
49,21,12,8,6,8,known
50,21,14,10,9,10,known
51,22,9,6,3,4,known
52,22,10,5,4,5,known
53,22,11,6,5,6,known
54,22,12,9,6,7,open
55,24,5,2,1,1,known
56,24,6,2,0,2,known
57,24,7,3,2,2,known
58,24,8,3,2,3,known
59,24,8,4,0,4,known
60,24,9,7,2,4,known
61,24,10,5,3,5,open
62,24,10,8,4,4,known
63,24,11,6,5,5,known
64,24,11,7,6,4,known
65,24,11,8,7,3,known
66,24,12,7,5,7,known
67,24,12,8,4,8,known
68,24,12,9,3,9,known
69,24,13,8,7,7,open
70,24,13,11,6,8,open
71,24,14,12,8,8,open
72,24,15,10,9,10,open
73,24,15,11,10,8,known
74,24,16,12,10,12,known
75,24,17,13,12,12,known
76,24,18,15,13,15,open
77,25,9,6,5,2,open
78,25,10,6,1,6,nonexistent
79,25,14,10,9,6,open
80,25,15,12,7,12,nonexistent
81,26,11,7,4,5,known
82,26,12,6,5,6,known
83,26,13,7,6,7,known
84,26,14,10,7,8,open
85,27,7,4,1,2,open
86,27,8,4,3,2,known
87,27,9,4,1,4,nonexistent
88,27,10,6,3,4,known
89,27,11,6,5,4,open
90,27,12,8,2,8,nonexistent
91,27,14,10,9,5,open
92,27,15,10,7,10,open
93,27,16,12,9,10,open
94,27,17,12,11,10,open
95,27,18,14,11,14,known
96,27,19,16,13,14,open
97,28,6,3,2,1,open
98,28,7,2,1,2,known
99,28,12,6,4,6,known
100,28,13,7,6,6,known
101,28,14,8,6,8,known
102,28,15,9,8,8,known
103,28,20,15,14,15,open
104,28,21,18,15,18,open
105,30,5,1,0,1,known
106,30,7,5,0,2,nonexistent
107,30,9,3,2,3,known
108,30,9,5,4,2,known
109,30,10,4,2,4,known
110,30,10,5,0,5,known
111,30,11,5,4,4,known
112,30,11,9,2,5,open
113,30,12,6,3,6,known
114,30,12,11,4,5,open
115,30,13,8,5,6,known
116,30,13,11,6,5,known
117,30,14,7,6,7,known
118,30,14,8,7,6,known
119,30,14,9,8,5,known
120,30,15,8,7,8,known
121,30,15,9,6,9,known
122,30,15,10,5,10,known
123,30,16,11,8,9,open
124,30,16,14,7,10,open
125,30,17,11,10,9,known
126,30,17,16,9,10,open
127,30,18,12,10,12,known
128,30,18,16,11,10,open
129,30,19,13,12,12,known
130,30,19,14,13,10,known
131,30,20,14,13,14,known
132,30,20,16,12,16,known
133,30,22,20,16,16,open
134,30,24,20,19,20,known
135,32,6,5,1,1,nonexistent
136,32,7,4,3,1,known
137,32,9,6,1,3,known
138,32,10,7,3,3,known
139,32,11,6,5,3,open
140,32,12,6,2,6,nonexistent
141,32,13,9,4,6,known
142,32,14,7,5,7,open
143,32,14,10,6,6,known
144,32,15,8,7,7,known
145,32,15,9,8,6,known
146,32,15,11,10,4,known
147,32,16,9,7,9,known
148,32,16,10,6,10,known
149,32,16,12,4,12,known
150,32,17,10,9,9,open
151,32,17,13,8,10,open
152,32,18,14,10,10,known
153,32,19,13,12,10,open
154,32,20,15,11,15,open
155,32,21,18,13,15,open
156,32,22,19,15,15,open
157,32,24,21,17,21,known
158,32,25,24,19,21,open
159,33,10,4,3,3,known
160,33,11,4,3,4,known
161,33,12,8,3,5,open
162,33,20,16,12,12,open
163,33,21,14,13,14,open
164,33,22,16,14,16,open
165,34,14,12,5,6,known
166,34,15,9,6,7,known
167,34,16,8,7,8,known
168,34,17,9,8,9,known
169,34,18,12,9,10,open
170,34,19,17,10,11,open
171,35,6,2,1,1,known
172,35,8,4,1,2,known
173,35,12,8,4,4,open
174,35,14,6,5,6,known
175,35,20,12,11,12,open
176,35,22,18,13,15,open
177,35,26,22,19,20,open
178,35,28,24,22,24,open
179,36,8,2,1,2,known
180,36,9,3,0,3,known
181,36,10,5,2,3,known
182,36,11,5,4,3,known
183,36,11,7,6,2,known
184,36,12,5,2,5,known
185,36,12,6,0,6,known
186,36,13,7,4,5,known
187,36,13,11,2,6,known
188,36,14,7,6,5,open
189,36,16,8,6,8,known
190,36,16,14,8,6,open
191,36,17,9,8,8,known
192,36,17,11,10,6,known
193,36,18,10,8,10,known
194,36,18,12,6,12,known
195,36,19,11,10,10,known
196,36,19,17,8,12,open
197,36,21,14,11,14,open
198,36,22,16,13,14,open
199,36,22,20,14,12,open
200,36,23,16,15,14,open
201,36,23,17,16,12,known
202,36,24,18,15,18,known
203,36,24,20,14,20,known
204,36,25,20,17,18,open
205,36,26,20,19,18,known
206,36,27,21,20,21,known
207,38,16,13,6,7,open
208,38,17,10,7,8,open
209,38,18,9,8,9,known
210,38,19,10,9,10,known
211,38,20,13,10,11,open
212,38,21,18,11,12,open
213,39,10,6,1,3,known
214,39,12,4,3,4,known
215,39,14,6,5,5,known
216,39,16,12,7,6,known
217,39,22,18,11,14,open
218,39,24,16,14,16,known
219,39,26,18,17,18,known
220,39,28,24,20,20,open
221,40,6,3,0,1,nonexistent
222,40,8,2,0,2,known
223,40,9,3,2,2,known
224,40,9,6,5,1,open
225,40,10,3,1,3,known
226,40,11,4,3,3,known
227,40,15,6,5,6,known
228,40,15,9,8,4,known
229,40,15,12,3,7,open
230,40,16,8,4,8,known
231,40,17,11,6,8,known
232,40,18,9,7,9,open
233,40,18,12,8,8,open
234,40,18,15,9,7,open
235,40,19,10,9,9,known
236,40,19,11,10,8,known
237,40,19,14,13,5,known
238,40,20,11,9,11,known
239,40,20,12,8,12,known
240,40,20,15,5,15,known
241,40,21,12,11,11,open
242,40,21,15,10,12,open
243,40,21,18,9,13,open
244,40,22,16,12,12,open
245,40,23,15,14,12,known
246,40,24,15,14,15,open
247,40,24,18,12,18,known
248,40,24,21,15,13,open
249,40,28,21,19,21,open
250,40,29,22,21,21,open
251,40,30,24,22,24,known
252,40,30,27,21,27,open
253,40,31,25,24,24,known
254,40,33,30,27,28,open
255,42,6,1,0,1,known
256,42,11,6,5,2,known
257,42,12,4,2,4,known
258,42,12,9,4,3,open
259,42,13,5,4,4,known
260,42,14,5,4,5,known
261,42,14,7,0,7,known
262,42,15,9,4,6,open
263,42,17,9,8,6,known
264,42,18,9,6,9,known
265,42,18,14,7,8,open
266,42,19,11,8,9,open
267,42,20,10,9,10,known
268,42,20,11,10,9,known
269,42,20,13,12,7,known
270,42,21,11,10,11,known
271,42,21,12,9,12,known
272,42,21,14,7,14,known
273,42,22,14,11,12,open
274,42,23,14,13,12,known
275,42,23,19,12,13,open
276,42,24,16,12,16,known
277,42,26,20,16,16,open
278,42,27,18,17,18,open
279,42,27,20,19,14,known
280,42,28,20,18,20,known
281,42,29,21,20,20,known
282,42,29,26,19,22,open
283,42,30,25,20,25,known
284,42,35,30,29,30,known
285,44,10,4,3,2,known
286,44,11,3,2,3,known
287,44,12,8,1,4,open
288,44,17,13,4,8,open
289,44,20,10,8,10,known
290,44,20,16,10,8,open
291,44,21,11,10,10,known
292,44,22,12,10,12,known
293,44,23,13,12,12,known
294,44,23,19,10,14,open
295,44,26,22,16,14,open
296,44,31,27,22,21,open
297,44,32,24,23,24,open
298,44,33,27,24,27,open
299,45,8,4,3,1,known
300,45,9,2,1,2,known
301,45,12,4,1,4,nonexistent
302,45,13,6,3,4,open
303,45,14,6,5,4,known
304,45,14,8,7,3,known
305,45,15,6,3,6,known
306,45,16,8,5,6,known
307,45,16,12,3,7,open
308,45,17,8,7,6,known
309,45,18,8,6,8,open
310,45,18,16,7,7,open
311,45,19,16,5,10,open
312,45,20,12,11,7,open
313,45,24,16,10,16,nonexistent
314,45,25,22,15,12,open
315,45,26,16,15,15,open
316,45,26,24,14,16,open
317,45,27,18,15,18,known
318,45,28,20,17,18,open
319,45,28,24,18,16,open
320,45,29,20,19,18,known
321,45,30,22,19,22,known
322,45,30,24,18,24,known
323,45,31,24,21,22,open
324,45,32,24,23,22,open
325,45,35,28,27,28,open
326,45,36,32,28,32,open
327,46,20,15,8,9,open
328,46,21,12,9,10,open
329,46,22,11,10,11,known
330,46,23,12,11,12,known
331,46,24,15,12,13,open
332,46,25,20,13,14,open
333,48,7,2,1,1,known
334,48,9,5,0,2,open
335,48,10,6,2,2,known
336,48,11,5,4,2,known
337,48,12,4,0,4,known
338,48,13,7,2,4,known
339,48,14,8,4,4,known
340,48,15,5,4,5,known
341,48,15,7,6,4,known
342,48,16,6,4,6,known
343,48,16,8,0,8,known
344,48,17,7,6,6,known
345,48,17,12,11,3,open
346,48,18,9,3,9,nonexistent
347,48,19,13,8,7,open
348,48,19,14,5,9,open
349,48,20,10,6,10,open
350,48,20,17,7,9,open
351,48,21,13,8,10,open
352,48,21,18,9,9,open
353,48,22,11,9,11,open
354,48,22,14,10,10,known
355,48,22,17,11,9,open
356,48,23,12,11,11,known
357,48,23,13,12,10,known
358,48,23,14,13,9,known
359,48,23,15,14,8,known
360,48,23,17,16,6,known
361,48,24,13,11,13,known
362,48,24,14,10,14,known
363,48,24,15,9,15,known
364,48,24,16,8,16,known
365,48,24,18,6,18,known
366,48,25,14,13,13,open
367,48,25,17,12,14,open
368,48,25,20,11,15,open
369,48,26,18,14,14,known
370,48,26,23,13,15,open
371,48,27,17,16,14,open
372,48,27,24,15,15,open
373,48,28,22,15,18,open
374,48,28,23,17,15,open
375,48,29,20,19,15,open
376,48,30,20,18,20,known
377,48,30,25,15,25,nonexistent
378,48,31,21,20,20,known
379,48,31,23,22,16,known
380,48,32,22,21,22,known
381,48,32,24,20,24,known
382,48,33,27,22,24,open
383,48,34,28,24,24,open
384,48,35,27,26,24,known
385,48,36,30,26,30,known
386,48,37,33,28,30,open
387,48,38,34,30,30,open
388,48,40,35,33,35,open
389,49,13,8,7,2,open
390,49,15,12,1,6,nonexistent
391,49,19,16,9,6,open
392,49,20,12,11,6,open
393,49,21,12,5,12,nonexistent
394,49,22,18,7,12,open
395,49,26,22,15,12,open
396,49,27,18,17,12,open
397,49,28,20,13,20,nonexistent
398,49,29,26,15,20,open
399,49,33,30,23,20,nonexistent
400,49,35,30,23,30,open
401,50,9,5,4,1,known
402,50,11,7,0,3,open
403,50,12,9,2,3,open
404,50,13,9,4,3,known
405,50,14,7,6,3,open
406,50,15,6,1,6,nonexistent
407,50,16,10,3,6,known
408,50,17,12,5,6,open
409,50,18,12,7,6,known
410,50,19,10,9,6,open
411,50,19,13,12,4,open
412,50,20,10,5,10,known
413,50,20,12,2,12,nonexistent
414,50,21,14,7,10,open
415,50,22,16,9,10,known
416,50,23,13,10,11,known
417,50,23,16,11,10,open
418,50,24,12,11,12,known
419,50,24,14,13,10,known
420,50,25,13,12,13,known
421,50,25,15,10,15,known
422,50,26,16,13,14,open
423,50,26,19,12,15,open
424,50,27,21,14,15,open
425,50,28,21,16,15,open
426,50,29,19,18,15,known
427,50,29,21,20,12,open
428,50,30,21,16,21,open
429,50,30,24,14,24,nonexistent
430,50,31,25,18,21,open
431,50,32,27,20,21,open
432,50,33,27,22,21,open
433,50,34,25,24,21,open
434,50,35,28,23,28,open
435,50,36,32,25,28,open
436,50,37,34,27,28,open
437,50,38,34,29,28,open
438,50,40,36,31,36,known
439,51,15,10,5,4,open
440,51,16,6,5,5,known
441,51,17,6,5,6,known
442,51,18,10,5,7,open
443,51,32,24,20,20,open
444,51,33,22,21,22,open
445,51,34,24,22,24,open
446,51,35,30,23,26,open
447,52,12,3,2,3,known
448,52,15,6,5,4,known
449,52,18,15,8,5,open
450,52,21,15,6,10,open
451,52,24,12,10,12,known
452,52,24,18,12,10,open
453,52,25,13,12,12,known
454,52,26,14,12,14,known
455,52,27,15,14,14,known
456,52,27,21,12,16,open
457,52,30,24,18,16,open
458,52,33,30,19,24,open
459,52,36,27,24,27,known
460,52,39,30,29,30,known
461,54,7,3,0,1,nonexistent
462,54,8,3,2,1,known
463,54,10,4,1,2,open
464,54,11,4,3,2,open
465,54,13,9,0,4,nonexistent
466,54,14,12,2,4,open
467,54,15,5,2,5,open
468,54,15,13,4,4,open
469,54,16,7,4,5,open
470,54,16,12,6,4,known
471,54,17,7,6,5,open
472,54,17,9,8,4,known
473,54,17,11,10,3,known
474,54,18,7,4,7,known
475,54,18,8,2,8,nonexistent
476,54,18,9,0,9,known
477,54,19,9,6,7,known
478,54,19,13,4,8,open
479,54,20,9,8,7,open
480,54,20,16,6,8,known
481,54,21,17,8,8,known
482,54,22,16,10,8,open
483,54,23,13,12,8,open
484,54,23,22,9,10,open
485,54,24,12,9,12,known
486,54,24,16,4,16,nonexistent
487,54,24,17,10,11,open
488,54,25,14,11,12,known
489,54,26,13,12,13,known
490,54,26,14,13,12,known
491,54,26,17,16,9,known
492,54,27,14,13,14,known
493,54,27,15,12,15,known
494,54,27,18,9,18,known
495,54,28,17,14,15,open
496,54,29,17,16,15,known
497,54,29,21,20,10,open
498,54,29,22,15,16,open
499,54,30,20,14,20,open
500,54,30,29,16,17,open
501,54,31,25,16,20,open
502,54,32,28,18,20,open
503,54,33,22,19,22,open
504,54,33,29,20,20,open
505,54,34,24,21,22,open
506,54,34,28,22,20,open
507,54,35,24,23,22,open
508,54,35,25,24,20,open
509,54,35,26,25,18,known
510,54,36,26,23,26,known
511,54,36,28,22,28,known
512,54,36,30,21,30,known
513,54,37,28,25,26,open
514,54,37,33,24,28,open
515,54,38,28,27,26,open
516,54,38,36,26,28,open
517,54,39,37,28,28,open
518,54,40,36,30,28,open
519,54,42,35,32,35,open
520,54,43,37,34,35,open
521,54,45,40,37,40,open
522,54,46,42,39,40,open
523,55,10,2,1,2,known
524,55,14,6,5,3,known
525,55,16,12,1,6,open
526,55,20,8,6,8,known
527,55,24,12,11,10,known
528,55,26,22,9,15,open
529,55,28,24,16,12,open
530,55,30,18,15,18,known
531,55,34,22,21,21,known
532,55,38,34,27,24,open
533,55,40,32,28,32,known
534,55,44,36,35,36,known
535,56,7,1,0,1,known
536,56,12,3,1,3,open
537,56,13,4,3,3,known
538,56,13,7,6,2,known
539,56,14,4,2,4,known
540,56,15,5,4,4,known
541,56,16,13,3,5,open
542,56,19,10,9,5,open
543,56,20,10,9,6,known
544,56,21,9,6,9,known
545,56,23,16,7,11,open
546,56,24,12,8,12,known
547,56,25,15,10,12,open
548,56,26,13,11,13,open
549,56,26,16,12,12,open
550,56,26,19,13,11,open
551,56,27,14,13,13,known
552,56,27,15,14,12,known
553,56,27,20,19,7,known
554,56,28,15,13,15,known
555,56,28,16,12,16,known
556,56,28,21,7,21,known
557,56,29,16,15,15,open
558,56,29,19,14,16,open
559,56,29,22,13,17,open
560,56,30,20,16,16,open
561,56,31,19,18,16,known
562,56,32,25,19,17,open
563,56,34,22,21,20,known
564,56,35,25,20,25,known
565,56,36,27,21,27,open
566,56,39,36,27,27,open
567,56,40,30,28,30,known
568,56,41,31,30,30,known
569,56,42,33,31,33,open
570,56,42,36,30,36,known
571,56,43,34,33,33,open
572,56,48,42,41,42,known
573,57,16,8,3,5,open
574,57,18,6,5,6,known
575,57,20,8,7,7,known
576,57,22,14,9,8,open
577,57,34,26,19,22,open
578,57,36,24,22,24,known
579,57,38,26,25,26,known
580,57,40,32,28,28,open
581,58,25,23,10,11,open
582,58,26,18,11,12,open
583,58,27,15,12,13,open
584,58,28,14,13,14,known
585,58,29,15,14,15,known
586,58,30,18,15,16,open
587,58,31,23,16,17,open
588,58,32,30,17,18,open
589,60,10,2,0,2,known
590,60,11,3,2,2,known
591,60,12,3,0,3,known
592,60,13,5,2,3,known
593,60,14,5,4,3,known
594,60,15,4,3,4,known
595,60,15,5,0,5,known
596,60,16,9,2,5,open
597,60,17,11,4,5,open
598,60,18,6,4,6,known
599,60,18,11,6,5,known
600,60,19,7,6,6,known
601,60,19,9,8,5,known
602,60,19,11,10,4,known
603,60,20,7,6,7,known
604,60,20,8,4,8,known
605,60,20,10,0,10,known
606,60,21,11,6,8,known
607,60,22,12,8,8,known
608,60,22,19,6,9,open
609,60,23,11,10,8,known
610,60,23,14,13,6,known
611,60,24,10,9,10,known
612,60,24,12,6,12,known
613,60,25,17,8,12,known
614,60,26,20,10,12,known
615,60,27,21,12,12,known
616,60,28,14,12,14,known
617,60,28,20,14,12,known
618,60,29,15,14,14,known
619,60,29,17,16,12,known
620,60,29,19,18,10,known
621,60,30,16,14,16,known
622,60,30,18,12,18,known
623,60,30,20,10,20,known
624,60,31,17,16,16,known
625,60,31,23,14,18,open
626,60,32,26,16,18,open
627,60,33,27,18,18,open
628,60,34,26,20,18,open
629,60,35,21,20,21,open
630,60,35,23,22,18,known
631,60,36,24,20,24,known
632,60,36,27,18,27,known
633,60,37,27,22,24,open
634,60,37,34,23,22,open
635,60,38,28,24,24,open
636,60,39,26,25,26,open
637,60,39,27,26,24,known
638,60,39,29,28,20,known
639,60,40,28,26,28,known
640,60,40,30,25,30,known
641,60,40,32,24,32,known
642,60,41,29,28,28,known
643,60,41,34,27,30,open
644,60,42,36,29,30,open
645,60,43,36,31,30,open
646,60,44,33,32,33,open
647,60,44,34,33,30,known
648,60,45,36,33,36,known
649,60,46,38,35,36,open
650,60,47,38,37,36,known
651,60,48,40,38,40,known
652,60,49,41,40,40,known
653,62,27,24,11,12,open
654,62,28,19,12,13,open
655,62,29,16,13,14,open
656,62,30,15,14,15,known
657,62,31,16,15,16,known
658,62,32,19,16,17,open
659,62,33,24,17,18,open
660,62,34,31,18,19,open
661,63,8,2,1,1,known
662,63,11,8,1,2,known
663,63,16,8,4,4,open
664,63,16,10,1,5,open
665,63,18,6,3,6,known
666,63,18,14,5,5,open
667,63,19,8,5,6,open
668,63,20,8,7,6,known
669,63,20,10,9,5,open
670,63,21,8,5,8,known
671,63,22,10,7,8,known
672,63,22,14,5,9,open
673,63,23,10,9,8,open
674,63,24,18,9,9,open
675,63,26,14,13,9,known
676,63,27,12,11,12,open
677,63,35,20,19,20,open
678,63,36,24,18,24,known
679,63,38,32,22,24,open
680,63,39,26,23,26,open
681,63,40,28,25,26,open
682,63,40,32,26,24,open
683,63,41,28,27,26,open
684,63,42,30,27,30,known
685,63,42,32,26,32,open
686,63,43,32,29,30,open
687,63,44,32,31,30,known
688,63,44,40,30,32,open
689,63,46,38,33,35,open
690,63,46,40,34,32,open
691,63,51,48,41,42,open
692,63,54,48,46,48,open
693,64,13,6,1,3,open
694,64,14,7,3,3,open
695,64,15,6,5,3,known
696,64,15,9,8,2,known
697,64,16,5,1,5,nonexistent
698,64,17,8,3,5,open
699,64,17,13,0,6,nonexistent
700,64,18,9,5,5,known
701,64,19,8,7,5,open
702,64,22,18,10,6,open
703,64,23,13,12,6,open
704,64,24,12,4,12,nonexistent
705,64,25,19,6,12,open
706,64,26,24,8,12,open
707,64,27,18,9,13,open
708,64,27,18,17,7,open
709,64,28,14,10,14,open
710,64,29,17,12,14,open
711,64,29,27,14,12,open
712,64,30,15,13,15,open
713,64,30,18,14,14,known
714,64,30,21,15,13,open
715,64,30,24,16,12,open
716,64,31,16,15,15,known
717,64,31,17,16,14,known
718,64,31,19,18,12,known
719,64,31,23,22,8,known
720,64,32,17,15,17,known
721,64,32,18,14,18,known
722,64,32,20,12,20,known
723,64,32,24,8,24,known
724,64,33,18,17,17,open
725,64,33,21,16,18,open
726,64,33,24,15,19,open
727,64,33,27,14,20,open
728,64,34,22,18,18,known
729,64,34,32,16,20,open
730,64,35,21,20,18,open
731,64,36,27,15,27,nonexistent
732,64,36,27,21,19,open
733,64,37,35,22,20,open
734,64,38,32,24,20,open
735,64,39,27,26,20,open
736,64,40,30,22,30,open
737,64,41,37,24,30,open
738,64,44,33,29,33,open
739,64,45,36,31,33,open
740,64,46,37,33,33,open
741,64,46,42,34,30,nonexistent
742,64,47,36,35,33,open
743,64,48,39,35,39,known
744,64,48,42,34,42,known
745,64,49,42,37,39,open
746,64,50,43,39,39,open
747,65,11,4,1,2,open
748,65,14,4,3,3,open
749,65,22,16,6,8,open
750,65,25,10,9,10,open
751,65,28,16,12,12,open
752,65,36,24,19,21,open
753,65,39,24,23,24,open
754,65,42,36,27,27,open
755,65,50,40,38,40,open
756,65,53,46,43,44,open
757,66,10,5,4,1,open
758,66,11,2,1,2,known
759,66,17,15,2,5,open
760,66,19,9,4,6,open
761,66,21,7,6,7,known
762,66,21,9,8,6,known
763,66,22,8,6,8,known
764,66,22,11,0,11,known
765,66,23,9,8,8,known
766,66,23,17,4,10,open
767,66,25,15,10,9,open
768,66,25,20,5,12,nonexistent
769,66,27,25,12,10,open
770,66,29,25,12,13,open
771,66,30,15,12,15,known
772,66,30,20,13,14,open
773,66,31,17,14,15,open
774,66,31,26,17,12,open
775,66,32,16,15,16,known
776,66,32,17,16,15,known
777,66,32,21,20,11,known
778,66,33,17,16,17,known
779,66,33,18,15,18,known
780,66,33,22,11,22,known
781,66,34,20,17,18,open
782,66,34,29,14,21,open
783,66,35,20,19,18,known
784,66,35,25,18,19,open
785,66,36,32,19,20,open
786,66,38,36,20,24,open
787,66,40,30,23,26,open
788,66,40,35,26,21,nonexistent
789,66,42,28,26,28,known
790,66,42,36,28,24,open
791,66,43,29,28,28,known
792,66,43,32,31,22,known
793,66,44,30,29,30,known
794,66,44,32,28,32,known
795,66,46,36,32,32,open
796,66,48,46,35,34,open
797,66,54,45,44,45,open
798,66,55,50,45,50,open
799,68,13,7,0,3,open
800,68,16,4,3,4,known
801,68,19,7,6,5,known
802,68,22,16,9,6,open
803,68,29,19,10,14,open
804,68,32,16,14,16,known
805,68,32,22,16,14,open
806,68,33,17,16,16,known
807,68,34,18,16,18,known
808,68,35,19,18,18,known
809,68,35,25,16,20,open
810,68,38,28,22,20,open
811,68,45,39,28,33,open
812,68,48,36,33,36,known
813,68,51,39,38,39,known
814,68,54,48,43,42,open
815,69,21,12,7,6,open
816,69,22,8,7,7,known
817,69,23,8,7,8,open
818,69,24,12,7,9,open
819,69,25,20,7,10,open
820,69,43,38,27,26,open
821,69,44,32,28,28,open
822,69,45,30,29,30,open
823,69,46,32,30,32,open
824,69,47,38,31,34,open
825,70,9,3,2,1,open
826,70,11,5,0,2,open
827,70,13,5,4,2,known
828,70,14,3,2,3,open
829,70,15,9,0,4,nonexistent
830,70,18,12,6,4,open
831,70,20,6,5,6,open
832,70,22,20,4,8,open
833,70,26,20,12,8,open
834,70,27,12,11,10,open
835,70,28,12,10,12,known
836,70,28,14,7,14,known
837,70,29,13,12,12,known
838,70,29,20,9,14,open
839,70,30,15,10,15,known
840,70,30,24,11,14,open
841,70,31,19,12,15,open
842,70,31,26,13,14,open
843,70,32,21,14,15,open
844,70,32,26,15,14,open
845,70,33,18,15,16,known
846,70,33,21,16,15,open
847,70,33,24,17,14,open
848,70,34,17,16,17,known
849,70,34,19,18,15,known
850,70,34,20,19,14,known
851,70,35,18,17,18,known
852,70,35,20,15,20,known
853,70,35,21,14,21,known
854,70,36,21,18,19,open
855,70,36,24,17,20,open
856,70,36,27,16,21,open
857,70,37,26,19,20,open
858,70,37,31,18,21,open
859,70,38,26,21,20,open
860,70,38,33,20,21,open
861,70,39,24,23,20,known
862,70,39,33,22,21,open
863,70,40,24,22,24,known
864,70,40,31,24,21,open
865,70,41,25,24,24,known
866,70,41,27,26,21,known
867,70,42,27,24,27,open
868,70,43,37,24,30,open
869,70,47,45,32,30,open
870,70,49,35,34,35,open
871,70,51,45,36,40,open
872,70,54,48,42,40,open
873,70,55,44,43,44,open
874,70,56,48,44,48,known
875,70,58,52,48,48,open
876,70,60,54,51,54,open
877,72,8,1,0,1,known
878,72,11,6,5,1,known
879,72,14,11,1,3,open
880,72,15,8,7,2,known
881,72,15,12,3,3,open
882,72,16,4,2,4,known
883,72,16,11,5,3,open
884,72,17,5,4,4,known
885,72,17,8,7,3,known
886,72,18,5,3,5,open
887,72,18,6,0,6,known
888,72,19,6,5,5,known
889,72,19,11,2,6,known
890,72,20,14,4,6,known
891,72,21,7,4,7,open
892,72,21,15,6,6,known
893,72,22,9,6,7,known
894,72,22,14,8,6,open
895,72,23,9,8,7,open
896,72,23,11,10,6,known
897,72,23,15,14,4,known
898,72,24,9,6,9,known
899,72,24,10,4,10,known
900,72,24,12,0,12,known
901,72,25,11,8,9,known
902,72,25,15,6,10,open
903,72,26,11,10,9,known
904,72,26,18,8,10,known
905,72,27,19,10,10,open
906,72,28,18,12,10,known
907,72,29,15,14,10,open
908,72,30,15,9,15,open
909,72,31,16,15,12,known
910,72,31,20,11,15,open
911,72,32,16,12,16,known
912,72,32,23,13,15,open
913,72,33,19,14,16,known
914,72,33,24,15,15,open
915,72,34,17,15,17,open
916,72,34,20,16,16,known
917,72,34,23,17,15,open
918,72,35,18,17,17,known
919,72,35,19,18,16,known
920,72,35,20,19,15,known
921,72,35,23,22,12,known
922,72,35,26,25,9,known
923,72,36,19,17,19,known
924,72,36,20,16,20,known
925,72,36,21,15,21,known
926,72,36,24,12,24,known
927,72,36,27,9,27,known
928,72,37,20,19,19,open
929,72,37,23,18,20,open
930,72,37,26,17,21,open
931,72,38,24,20,20,open
932,72,38,29,19,21,open
933,72,39,23,22,20,known
934,72,39,30,21,21,open
935,72,40,25,20,25,known
936,72,40,29,23,21,open
937,72,41,26,25,21,open
938,72,42,28,22,28,open
939,72,43,33,24,28,open
940,72,44,36,26,28,open
941,72,45,30,27,30,known
942,72,45,37,28,28,open
943,72,46,32,29,30,open
944,72,46,36,30,28,open
945,72,47,32,31,30,known
946,72,47,33,32,28,known
947,72,47,35,34,24,known
948,72,48,34,31,34,known
949,72,48,36,30,36,known
950,72,48,40,28,40,known
951,72,49,36,33,34,open
952,72,49,41,32,36,open
953,72,50,36,35,34,open
954,72,50,44,34,36,open
955,72,51,45,36,36,open
956,72,52,39,37,39,open
957,72,52,44,38,36,open
958,72,53,40,39,39,open
959,72,53,41,40,36,known
960,72,54,42,40,42,known
961,72,54,45,39,45,known
962,72,55,43,42,42,known
963,72,55,50,41,45,open
964,72,56,49,42,49,known
965,72,56,53,43,45,open
966,72,57,54,45,45,open
967,72,60,55,49,55,known
968,72,63,56,55,56,known
969,74,33,27,14,15,open
970,74,34,22,15,16,open
971,74,35,19,16,17,open
972,74,36,18,17,18,known
973,74,37,19,18,19,known
974,74,38,22,19,20,open
975,74,39,27,20,21,open
976,74,40,34,21,22,open
977,75,12,8,1,2,open
978,75,13,8,3,2,open
979,75,14,6,5,2,known
980,75,16,8,1,4,open
981,75,17,10,3,4,open
982,75,18,10,5,4,known
983,75,19,8,7,4,open
984,75,20,16,3,6,open
985,75,22,10,5,7,open
986,75,24,8,7,8,known
987,75,24,14,13,5,known
988,75,25,10,5,10,known
989,75,26,10,9,9,known
990,75,26,14,7,10,open
991,75,27,16,9,10,open
992,75,28,16,11,10,known
993,75,28,24,14,8,open
994,75,29,14,13,10,known
995,75,29,20,19,6,open
996,75,30,14,9,14,open
997,75,30,16,6,16,nonexistent
998,75,30,18,3,18,nonexistent
999,75,30,26,13,11,open
1000,75,31,18,11,14,open
1001,75,32,20,13,14,known
1002,75,33,20,15,14,open
1003,75,34,18,17,14,open
1004,75,36,30,13,21,nonexistent
1005,75,38,32,22,16,nonexistent
1006,75,40,24,19,24,open
1007,75,41,28,21,24,open
1008,75,42,30,23,24,open
1009,75,43,30,25,24,open
1010,75,44,28,27,24,open
1011,75,44,30,29,21,open
1012,75,44,32,31,18,open
1013,75,44,40,24,28,open
1014,75,45,30,25,30,known
1015,75,45,36,21,36,nonexistent
1016,75,46,34,27,30,open
1017,75,46,42,25,33,open
1018,75,47,36,29,30,open
1019,75,48,32,30,32,known
1020,75,48,36,31,30,open
1021,75,49,34,33,30,known
1022,75,50,34,33,34,known
1023,75,50,40,30,40,known
1024,75,52,40,36,36,open
1025,75,54,50,39,38,open
1026,75,55,44,39,44,open
1027,75,56,48,41,44,open
1028,75,57,50,43,44,open
1029,75,58,50,45,44,open
1030,75,60,52,47,52,known
1031,75,61,56,49,52,open
1032,75,62,58,51,52,open
1033,76,17,13,6,3,open
1034,76,18,6,5,4,open
1035,76,19,5,4,5,open
1036,76,20,10,3,6,open
1037,76,33,21,12,16,open
1038,76,36,18,16,18,known
1039,76,36,24,18,16,open
1040,76,37,19,18,18,known
1041,76,38,20,18,20,known
1042,76,39,21,20,20,known
1043,76,39,27,18,22,open
1044,76,42,30,24,22,open
1045,76,55,45,40,39,open
1046,76,56,42,41,42,open
1047,76,57,45,42,45,open
1048,76,58,54,43,48,open
1049,77,13,4,3,2,open
1050,77,21,6,5,6,open
1051,77,26,16,10,8,open
1052,77,29,16,9,12,open
1053,77,34,16,15,15,open
1054,77,37,34,15,20,open
1055,77,39,36,21,18,open
1056,77,42,24,22,24,open
1057,77,47,34,29,28,open
1058,77,50,40,31,35,open
1059,77,55,40,39,40,open
1060,77,63,54,51,54,open
1061,78,12,2,1,2,known
1062,78,17,7,6,3,known
1063,78,19,13,0,6,nonexistent
1064,78,23,21,8,6,open
1065,78,24,8,6,8,known
1066,78,24,13,8,7,open
1067,78,25,9,8,8,known
1068,78,26,9,8,9,known
1069,78,26,13,0,13,known
1070,78,27,13,8,10,open
1071,78,28,21,8,11,open
1072,78,29,13,12,10,known
1073,78,31,23,8,15,open
1074,78,34,28,18,12,open
1075,78,35,28,15,16,open
1076,78,36,18,15,18,known
1077,78,36,23,16,17,known
1078,78,37,20,17,18,known
1079,78,37,29,20,15,open
1080,78,38,19,18,19,known
1081,78,38,20,19,18,known
1082,78,38,25,24,13,known
1083,78,39,20,19,20,known
1084,78,39,21,18,21,known
1085,78,39,26,13,26,known
1086,78,40,23,20,21,open
1087,78,40,32,17,24,open
1088,78,41,23,22,21,known
1089,78,41,28,21,22,open
1090,78,42,35,22,23,open
1091,78,43,37,20,28,open
1092,78,46,38,29,24,open
1093,78,48,32,28,32,known
1094,78,49,42,31,30,open
1095,78,50,36,32,32,open
1096,78,51,34,33,34,open
1097,78,51,38,37,26,known
1098,78,52,36,34,36,known
1099,78,53,37,36,36,known
1100,78,53,42,35,38,open
1101,78,54,52,36,40,open
1102,78,58,52,44,40,open
1103,78,60,50,45,50,known
1104,78,65,55,54,55,known
1105,80,9,2,1,1,known
1106,80,14,10,4,2,open
1107,80,15,3,2,3,known
1108,80,16,4,0,4,known
1109,80,17,7,2,4,open
1110,80,18,8,4,4,open
1111,80,19,7,6,4,known
1112,80,19,13,12,2,open
1113,80,20,6,2,6,known
1114,80,21,9,4,6,open
1115,80,22,10,6,6,known
1116,80,23,9,8,6,known
1117,80,23,16,15,3,open
1118,80,23,19,10,5,open
1119,80,24,9,3,9,nonexistent
1120,80,26,16,5,10,open
1121,80,27,18,9,9,open
1122,80,30,12,10,12,known
1123,80,30,15,5,15,nonexistent
1124,80,31,13,12,12,known
1125,80,31,19,18,8,known
1126,80,31,24,7,15,nonexistent
1127,80,32,16,8,16,known
1128,80,33,23,10,16,open
1129,80,34,16,15,14,known
1130,80,34,28,12,16,open
1131,80,35,22,13,17,open
1132,80,35,31,14,16,open
1133,80,36,18,14,18,open
1134,80,36,32,16,16,open
1135,80,37,21,16,18,open
1136,80,37,31,18,16,open
1137,80,38,19,17,19,open
1138,80,38,22,18,18,known
1139,80,38,25,19,17,open
1140,80,38,28,20,16,open
1141,80,38,31,21,15,nonexistent
1142,80,39,20,19,19,known
1143,80,39,21,20,18,known
1144,80,39,23,22,16,known
1145,80,39,24,23,15,known
1146,80,39,29,28,10,known
1147,80,40,21,19,21,known
1148,80,40,22,18,22,known
1149,80,40,24,16,24,known
1150,80,40,25,15,25,known
1151,80,40,30,10,30,known
1152,80,41,22,21,21,open
1153,80,41,25,20,22,open
1154,80,41,28,19,23,open
1155,80,41,31,18,24,open
1156,80,41,34,17,25,nonexistent
1157,80,42,26,22,22,known
1158,80,42,36,20,24,open
1159,80,43,25,24,22,open
1160,80,43,39,22,24,open
1161,80,44,31,25,23,open
1162,80,44,40,24,24,open
1163,80,45,27,24,27,known
1164,80,45,39,26,24,open
1165,80,46,36,28,24,open
1166,80,47,31,30,24,known
1167,80,48,30,28,30,known
1168,80,48,36,24,36,known
1169,80,48,41,31,25,nonexistent
1170,80,49,31,30,30,known
1171,80,49,34,33,25,open
1172,80,52,43,33,35,open
1173,80,53,43,36,33,open
1174,80,55,40,39,35,open
1175,80,56,42,38,42,known
1176,80,56,49,35,49,nonexistent
1177,80,56,52,37,44,open
1178,80,57,45,40,42,open
1179,80,58,46,42,42,open
1180,80,59,45,44,42,known
1181,80,60,48,44,48,known
1182,80,60,54,42,54,open
1183,80,61,51,46,48,open
1184,80,62,52,48,48,open
1185,80,63,51,50,48,known
1186,80,64,52,51,52,known
1187,80,65,61,52,56,open
1188,80,70,63,61,63,open
1189,81,17,10,9,2,open
1190,81,22,12,3,7,open
1191,81,24,8,5,8,open
1192,81,24,16,7,7,open
1193,81,25,10,7,8,open
1194,81,25,20,11,6,open
1195,81,26,10,9,8,open
1196,81,26,12,11,7,open
1197,81,26,14,13,6,known
1198,81,27,10,7,10,known
1199,81,27,12,3,12,nonexistent
1200,81,28,12,9,10,known
1201,81,28,16,7,11,open
1202,81,28,20,5,12,nonexistent
1203,81,29,12,11,10,open
1204,81,29,26,7,12,open
1205,81,30,20,11,11,open
1206,81,32,16,15,11,open
1207,81,33,30,15,12,open
1208,81,34,26,17,12,open
1209,81,35,20,19,12,open
1210,81,36,20,11,20,nonexistent
1211,81,36,24,6,24,nonexistent
1212,81,37,28,13,20,open
1213,81,38,34,15,20,open
1214,81,42,38,23,20,open
1215,81,43,34,25,20,open
1216,81,44,28,27,20,open
1217,81,44,32,31,15,open
1218,81,45,30,21,30,open
1219,81,46,38,23,30,open
1220,81,47,44,25,30,open
1221,81,48,32,26,32,open
1222,81,50,40,30,32,open
1223,81,51,34,31,34,open
1224,81,51,48,33,30,open
1225,81,52,36,33,34,open
1226,81,52,40,34,32,open
1227,81,52,44,35,30,nonexistent
1228,81,53,36,35,34,open
1229,81,53,38,37,30,open
1230,81,54,38,35,38,known
1231,81,54,40,34,40,open
1232,81,54,42,33,42,known
1233,81,55,40,37,38,open
1234,81,55,50,35,42,open
1235,81,56,40,39,38,open
1236,81,56,48,38,40,open
1237,81,58,48,42,40,open
1238,81,63,56,47,56,open
1239,82,37,29,16,17,open
1240,82,38,24,17,18,open
1241,82,39,21,18,19,open
1242,82,40,20,19,20,known
1243,82,41,21,20,21,known
1244,82,42,24,21,22,open
1245,82,43,29,22,23,open
1246,82,44,36,23,24,open
1247,84,9,7,0,1,nonexistent
1248,84,12,2,0,2,known
1249,84,13,3,2,2,known
1250,84,17,8,1,4,open
1251,84,20,5,4,5,known
1252,84,20,11,10,3,open
1253,84,21,6,3,6,known
1254,84,21,7,0,7,known
1255,84,22,8,5,6,open
1256,84,22,13,2,7,open
1257,84,23,8,7,6,known
1258,84,23,13,12,4,known
1259,84,23,17,4,7,open
1260,84,24,8,4,8,known
1261,84,24,19,6,7,open
1262,84,25,11,6,8,open
1263,84,25,19,8,7,open
1264,84,26,12,8,8,open
1265,84,26,17,10,7,open
1266,84,26,22,12,6,open
1267,84,27,9,8,9,known
1268,84,27,11,10,8,known
1269,84,27,13,12,7,known
1270,84,28,10,8,10,known
1271,84,28,14,0,14,known
1272,84,29,11,10,10,known
1273,84,29,19,6,12,known
1274,84,31,17,12,11,known
1275,84,31,27,10,12,open
1276,84,33,27,14,12,open
1277,84,35,15,14,15,open
1278,84,35,19,18,12,known
1279,84,36,18,12,18,known
1280,84,37,23,14,18,open
1281,84,38,26,16,18,open
1282,84,39,27,18,18,known
1283,84,40,20,18,20,known
1284,84,40,26,20,18,open
1285,84,41,21,20,20,known
1286,84,41,23,22,18,known
1287,84,41,27,26,14,known
1288,84,42,22,20,22,known
1289,84,42,24,18,24,known
1290,84,42,28,14,28,known
1291,84,43,23,22,22,known
1292,84,43,29,20,24,open
1293,84,44,32,22,24,open
1294,84,45,33,24,24,open
1295,84,46,32,26,24,open
1296,84,47,29,28,24,known
1297,84,48,28,27,28,open
1298,84,48,32,24,32,known
1299,84,50,44,28,32,open
1300,84,52,38,31,34,open
1301,84,52,48,32,32,open
1302,84,54,36,34,36,known
1303,84,54,44,36,32,open
1304,84,55,37,36,36,known
1305,84,55,41,40,28,known
1306,84,56,38,37,38,known
1307,84,56,40,36,40,known
1308,84,56,42,35,42,known
1309,84,57,43,38,40,open
1310,84,57,48,37,42,open
1311,84,57,53,36,44,open
1312,84,58,44,40,40,open
1313,84,58,52,39,42,open
1314,84,59,43,42,40,known
1315,84,59,54,41,42,open
1316,84,60,45,42,45,known
1317,84,60,50,40,50,known
1318,84,60,54,43,42,open
1319,84,61,47,44,45,open
1320,84,61,52,45,42,open
1321,84,62,47,46,45,known
1322,84,62,48,47,42,known
1323,84,63,48,47,48,known
1324,84,63,54,45,54,open
1325,84,66,57,52,51,open
1326,84,70,60,58,60,known
1327,84,71,61,60,60,known
1328,84,74,72,65,66,open
1329,85,16,4,3,3,known
1330,85,18,6,3,4,open
1331,85,32,16,12,12,open
1332,85,34,14,13,14,open
1333,85,36,24,14,16,open
1334,85,48,36,27,27,open
1335,85,50,30,29,30,open
1336,85,52,36,31,33,open
1337,85,66,54,51,52,open
1338,85,68,56,54,56,open
1339,86,38,37,16,17,open
1340,86,39,30,17,18,open
1341,86,40,25,18,19,open
1342,86,41,22,19,20,open
1343,86,42,21,20,21,known
1344,86,43,22,21,22,known
1345,86,44,25,22,23,open
1346,86,45,30,23,24,open
1347,86,46,37,24,25,open
1348,86,47,46,25,26,open
1349,87,26,22,9,7,open
1350,87,27,14,9,8,open
1351,87,28,10,9,9,known
1352,87,29,10,9,10,open
1353,87,30,14,9,11,open
1354,87,31,22,9,12,open
1355,87,55,46,35,34,open
1356,87,56,40,36,36,open
1357,87,57,38,37,38,open
1358,87,58,40,38,40,open
1359,87,59,46,39,42,open
1360,87,60,56,40,44,open
1361,88,9,3,0,1,open
1362,88,14,8,3,2,open
1363,88,18,12,2,4,open
1364,88,20,5,3,5,open
1365,88,21,6,5,5,known
1366,88,21,9,8,4,known
1367,88,22,6,4,6,known
1368,88,23,7,6,6,known
1369,88,23,17,0,8,nonexistent
1370,88,24,15,5,7,open
1371,88,27,12,11,7,open
1372,88,32,12,11,12,open
1373,88,33,27,6,16,nonexistent
1374,88,36,33,11,17,open
1375,88,37,27,16,15,open
1376,88,39,24,15,19,open
1377,88,40,20,16,20,known
1378,88,41,23,18,20,open
1379,88,41,38,21,17,open
1380,88,42,21,19,21,open
1381,88,42,24,20,20,open
1382,88,42,27,21,19,open
1383,88,42,36,24,16,nonexistent
1384,88,43,22,21,21,known
1385,88,43,23,22,20,known
1386,88,43,32,31,11,known
1387,88,44,23,21,23,known
1388,88,44,24,20,24,known
1389,88,44,33,11,33,known
1390,88,45,24,23,23,open
1391,88,45,27,22,24,open
1392,88,45,30,21,25,open
1393,88,45,39,18,28,nonexistent
1394,88,46,28,24,24,open
1395,88,46,43,21,27,open
1396,88,47,27,26,24,known
1397,88,48,33,27,25,open
1398,88,50,40,27,30,open
1399,88,51,48,31,27,open
1400,88,54,48,36,28,nonexistent
1401,88,55,35,34,35,open
1402,88,60,45,39,45,open
1403,88,63,54,45,45,open
1404,88,64,48,46,48,known
1405,88,64,58,48,42,nonexistent
1406,88,65,49,48,48,known
1407,88,66,51,49,51,open
1408,88,66,54,48,54,known
1409,88,67,52,51,51,open
1410,88,69,63,54,54,open
1411,88,73,67,60,63,open
1412,88,78,72,69,70,open
1413,90,9,1,0,1,known
1414,90,13,4,1,2,open
1415,90,14,4,3,2,open
1416,90,15,3,0,3,known
1417,90,16,5,2,3,open
1418,90,17,5,4,3,known
1419,90,17,9,8,2,known
1420,90,18,4,2,4,known
1421,90,19,5,4,4,known
1422,90,22,17,6,5,open
1423,90,24,8,2,8,nonexistent
1424,90,25,13,4,8,open
1425,90,26,12,11,6,known
1426,90,26,16,6,8,known
1427,90,27,9,6,9,known
1428,90,27,17,8,8,open
1429,90,28,11,8,9,open
1430,90,28,16,10,8,known
1431,90,29,11,10,9,known
1432,90,29,13,12,8,known
1433,90,29,17,16,6,known
1434,90,29,19,18,5,known
1435,90,30,11,8,11,known
1436,90,30,12,6,12,known
1437,90,30,15,0,15,known
1438,90,31,13,10,11,known
1439,90,31,17,8,12,open
1440,90,31,25,4,14,nonexistent
1441,90,32,13,12,11,open
1442,90,32,20,10,12,known
1443,90,33,21,12,12,open
1444,90,34,20,14,12,open
1445,90,35,14,13,14,open
1446,90,35,17,16,12,known
1447,90,36,16,12,16,known
1448,90,36,18,9,18,known
1449,90,37,26,11,18,open
1450,90,38,20,16,16,open
1451,90,38,32,13,18,open
1452,90,39,36,15,18,open
1453,90,40,20,15,20,known
1454,90,40,38,17,18,open
1455,90,41,24,17,20,open
1456,90,41,25,24,14,open
1457,90,41,31,18,19,open
1458,90,41,38,19,18,open
1459,90,42,21,18,21,known
1460,90,42,26,19,20,open
1461,90,42,36,21,18,open
1462,90,43,23,20,21,known
1463,90,43,26,21,20,open
1464,90,43,32,23,18,open
1465,90,44,22,21,22,known
1466,90,44,23,22,21,known
1467,90,44,24,23,20,known
1468,90,44,26,25,18,known
1469,90,44,29,28,15,known
1470,90,45,23,22,23,known
1471,90,45,24,21,24,known
1472,90,45,25,20,25,known
1473,90,45,27,18,27,known
1474,90,45,30,15,30,known
1475,90,46,26,23,24,open
1476,90,46,29,22,25,open
1477,90,46,35,20,27,open
1478,90,47,26,25,24,known
1479,90,47,31,24,25,open
1480,90,47,41,22,27,open
1481,90,48,31,26,25,open
1482,90,48,32,20,32,nonexistent
1483,90,48,38,25,26,open
1484,90,48,45,24,27,open
1485,90,49,29,28,25,known
1486,90,49,47,26,27,open
1487,90,50,47,28,27,open
1488,90,51,33,28,30,open
1489,90,51,45,30,27,open
1490,90,52,41,32,27,open
1491,90,53,33,32,30,known
1492,90,53,35,34,27,known
1493,90,54,33,32,33,open
1494,90,54,36,30,36,known
1495,90,55,41,32,36,open
1496,90,56,44,34,36,open
1497,90,57,38,35,38,open
1498,90,57,45,36,36,open
1499,90,58,40,37,38,open
1500,90,58,44,38,36,open
1501,90,58,52,40,32,nonexistent
1502,90,59,40,39,38,open
1503,90,59,41,40,36,known
1504,90,59,44,43,30,known
1505,90,60,42,39,42,known
1506,90,60,44,38,44,known
1507,90,60,48,36,48,known
1508,90,60,50,35,50,known
1509,90,61,44,41,42,open
1510,90,61,49,40,44,open
1511,90,62,44,43,42,known
1512,90,62,52,42,44,open
1513,90,63,49,42,49,known
1514,90,63,53,44,44,open
1515,90,64,52,46,44,open
1516,90,65,49,48,44,open
1517,90,67,62,49,52,open
1518,90,70,56,54,56,known
1519,90,71,57,56,56,known
1520,90,72,60,57,60,known
1521,90,72,64,56,64,known
1522,90,73,62,59,60,open
1523,90,74,62,61,60,known
1524,90,75,65,62,65,open
1525,90,76,67,64,65,open
1526,90,80,72,71,72,known
1527,91,12,6,5,1,open
1528,91,13,2,1,2,known
1529,91,25,10,9,6,open
1530,91,26,8,6,8,open
1531,91,27,18,3,10,open
1532,91,37,30,19,12,open
1533,91,38,18,17,15,open
1534,91,39,18,15,18,open
1535,91,40,30,13,21,open
1536,91,50,40,30,24,open
1537,91,51,30,29,28,open
1538,91,52,32,28,32,open
1539,91,53,46,27,36,open
1540,91,63,54,45,40,open
1541,91,64,46,45,45,open
1542,91,65,50,45,50,open
1543,91,77,66,65,66,open
1544,91,78,72,66,72,open
1545,92,21,14,7,4,open
1546,92,22,7,6,5,open
1547,92,23,6,5,6,open
1548,92,24,11,4,7,open
1549,92,25,22,3,8,open
1550,92,38,34,12,18,open
1551,92,41,25,16,20,open
1552,92,43,39,22,18,open
1553,92,44,22,20,22,known
1554,92,44,28,22,20,open
1555,92,45,23,22,22,known
1556,92,46,24,22,24,known
1557,92,47,25,24,24,known
1558,92,47,31,22,26,open
1559,92,48,44,22,28,open
1560,92,50,34,28,26,open
1561,92,53,49,32,28,open
1562,92,66,63,48,45,open
1563,92,67,54,49,48,open
1564,92,68,51,50,51,open
1565,92,69,54,51,54,open
1566,92,70,63,52,57,open
1567,93,26,18,5,8,open
1568,93,28,12,7,9,open
1569,93,30,10,9,10,known
1570,93,32,12,11,11,known
1571,93,34,18,13,12,open
1572,93,36,28,15,13,open
1573,93,56,48,32,36,open
1574,93,58,42,35,38,open
1575,93,60,40,38,40,known
1576,93,62,42,41,42,known
1577,93,64,48,44,44,open
1578,93,66,58,47,46,open
1579,94,42,39,18,19,open
1580,94,43,32,19,20,open
1581,94,44,27,20,21,open
1582,94,45,24,21,22,open
1583,94,46,23,22,23,known
1584,94,47,24,23,24,known
1585,94,48,27,24,25,open
1586,94,49,32,25,26,open
1587,94,50,39,26,27,open
1588,94,51,48,27,28,open
1589,95,18,6,5,3,open
1590,95,19,4,3,4,open
1591,95,20,10,1,5,open
1592,95,36,24,16,12,open
1593,95,37,16,15,14,open
1594,95,38,16,14,16,open
1595,95,39,24,13,18,open
1596,95,55,40,33,30,open
1597,95,56,34,33,33,open
1598,95,57,36,33,36,open
1599,95,58,46,33,39,open
1600,95,74,64,58,56,open
1601,95,75,60,59,60,open
1602,95,76,64,60,64,open
1603,96,10,5,1,1,open
1604,96,11,4,3,1,open
1605,96,13,5,0,2,known
1606,96,14,6,2,2,open
1607,96,15,5,4,2,known
1608,96,15,10,9,1,open
1609,96,16,3,1,3,open
1610,96,17,4,3,3,open
1611,96,18,16,0,4,nonexistent
1612,96,20,5,1,5,open
1613,96,21,8,3,5,open
1614,96,21,19,6,4,open
1615,96,22,9,5,5,open
1616,96,22,16,8,4,open
1617,96,23,8,7,5,known
1618,96,23,11,10,4,known
1619,96,23,14,13,3,known
1620,96,24,7,3,7,known
1621,96,24,8,0,8,known
1622,96,25,10,5,7,open
1623,96,25,15,2,8,open
1624,96,26,11,7,7,open
1625,96,26,20,4,8,open
1626,96,27,10,9,7,open
1627,96,27,23,6,8,open
1628,96,28,24,8,8,open
1629,96,29,23,10,8,open
1630,96,30,10,8,10,known
1631,96,30,15,10,9,open
1632,96,30,20,12,8,open
1633,96,31,11,10,10,known
1634,96,31,15,14,8,known
1635,96,32,11,10,11,known
1636,96,32,12,8,12,known
1637,96,32,16,0,16,known
1638,96,33,15,10,12,known
1639,96,34,16,12,12,known
1640,96,34,23,10,13,open
1641,96,34,29,17,9,nonexistent
1642,96,35,15,14,12,known
1643,96,35,20,19,9,open
1644,96,35,25,24,6,open
1645,96,36,15,11,15,open
1646,96,36,18,6,18,nonexistent
1647,96,37,18,13,15,open
1648,96,37,29,8,18,nonexistent
1649,96,38,19,15,15,open
1650,96,39,18,17,15,open
1651,96,40,20,12,20,open
1652,96,40,25,5,25,nonexistent
1653,96,40,30,20,14,open
1654,96,40,35,13,19,open
1655,96,41,27,14,20,open
1656,96,42,21,15,21,open
1657,96,42,32,16,20,open
1658,96,43,26,17,21,open
1659,96,43,35,18,20,open
1660,96,44,22,18,22,open
1661,96,44,29,19,21,open
1662,96,44,36,20,20,known
1663,96,45,25,20,22,open
1664,96,45,30,21,21,open
1665,96,45,35,22,20,open
1666,96,45,40,23,19,open
1667,96,46,23,21,23,open
1668,96,46,26,22,22,known
1669,96,46,29,23,21,open
1670,96,46,32,24,20,open
1671,96,46,38,26,18,nonexistent
1672,96,47,24,23,23,known
1673,96,47,25,24,22,known
1674,96,47,26,25,21,known
1675,96,47,27,26,20,known
1676,96,47,29,28,18,known
1677,96,47,31,30,16,known
1678,96,47,35,34,12,known
1679,96,48,25,23,25,known
1680,96,48,26,22,26,known
1681,96,48,27,21,27,known
1682,96,48,28,20,28,known
1683,96,48,30,18,30,known
1684,96,48,32,16,32,known
1685,96,48,36,12,36,known
1686,96,49,26,25,25,open
1687,96,49,29,24,26,open
1688,96,49,32,23,27,open
1689,96,49,35,22,28,open
1690,96,49,41,20,30,nonexistent
1691,96,50,30,26,26,known
1692,96,50,35,25,27,open
1693,96,50,40,24,28,open
1694,96,50,45,23,29,open
1695,96,51,29,28,26,open
1696,96,51,36,27,27,open
1697,96,51,43,26,28,open
1698,96,52,35,29,27,open
1699,96,52,44,28,28,known
1700,96,53,32,31,27,open
1701,96,53,43,30,28,open
1702,96,54,40,32,28,open
1703,96,55,35,34,28,open
1704,96,55,40,39,21,open
1705,96,55,45,28,36,open
1706,96,55,50,33,29,open
1707,96,56,35,31,35,open
1708,96,57,38,33,35,open
1709,96,58,39,35,35,open
1710,96,58,50,38,30,nonexistent
1711,96,59,38,37,35,open
1712,96,59,41,40,30,open
1713,96,60,40,36,40,known
1714,96,60,45,33,45,open
1715,96,60,50,30,50,nonexistent
1716,96,61,43,38,40,open
1717,96,61,50,39,38,open
1718,96,61,56,35,45,nonexistent
1719,96,62,44,40,40,open
1720,96,63,42,41,42,open
1721,96,63,43,42,40,known
1722,96,63,47,46,32,known
1723,96,64,44,42,44,known
1724,96,64,48,40,48,known
1725,96,65,45,44,44,known
1726,96,65,50,43,46,open
1727,96,65,55,42,48,open
1728,96,66,60,44,48,open
1729,96,67,63,46,48,open
1730,96,68,51,47,51,open
1731,96,68,64,48,48,open
1732,96,69,54,49,51,open
1733,96,69,63,50,48,open
1734,96,70,55,51,51,open
1735,96,70,60,52,48,open
1736,96,71,54,53,51,open
1737,96,71,55,54,48,known
1738,96,72,57,53,57,known
1739,96,72,60,52,60,known
1740,96,72,63,51,63,known
1741,96,73,60,55,57,open
1742,96,73,67,54,60,open
1743,96,74,61,57,57,open
1744,96,74,72,56,60,open
1745,96,75,60,59,57,open
1746,96,77,75,62,60,open
1747,96,78,65,63,65,open
1748,96,79,66,65,65,open
1749,96,80,70,66,70,known
1750,96,80,75,65,75,open
1751,96,81,73,68,70,open
1752,96,82,74,70,70,open
1753,96,84,77,73,77,open
1754,96,85,80,75,77,open
1755,98,13,7,6,1,known
1756,98,16,13,0,3,nonexistent
1757,98,17,15,2,3,open
1758,98,18,15,4,3,open
1759,98,19,13,6,3,known
1760,98,20,9,8,3,open
1761,98,22,12,1,6,open
1762,98,23,16,3,6,open
1763,98,24,18,5,6,open
1764,98,25,18,7,6,open
1765,98,26,16,9,6,known
1766,98,27,12,11,6,open
1767,98,27,17,16,4,open
1768,98,28,10,3,10,nonexistent
1769,98,29,16,5,10,open
1770,98,30,20,7,10,open
1771,98,31,22,9,10,open
1772,98,32,22,11,10,known
1773,98,33,20,13,10,open
1774,98,34,16,15,10,open
1775,98,35,15,8,15,open
1776,98,36,21,10,15,open
1777,98,37,25,12,15,open
1778,98,38,27,14,15,open
1779,98,39,27,16,15,known
1780,98,40,25,18,15,open
1781,98,41,21,20,15,open
1782,98,41,25,24,12,open
1783,98,42,21,14,21,known
1784,98,42,24,10,24,nonexistent
1785,98,42,27,6,27,nonexistent
1786,98,43,27,16,21,open
1787,98,43,37,12,24,nonexistent
1788,98,44,31,18,21,open
1789,98,44,40,19,20,open
1790,98,45,33,20,21,known
1791,98,46,28,21,22,open
1792,98,46,33,22,21,open
1793,98,47,25,22,23,open
1794,98,47,31,24,21,open
1795,98,48,24,23,24,known
1796,98,48,27,26,21,known
1797,98,49,25,24,25,known
1798,98,49,28,21,28,known
1799,98,50,28,25,26,open
1800,98,50,34,23,28,open
1801,98,51,33,26,27,open
1802,98,51,38,25,28,open
1803,98,52,40,27,28,open
1804,98,53,40,29,28,open
1805,98,53,49,28,29,open
1806,98,54,38,31,28,open
1807,98,54,48,34,24,nonexistent
1808,98,55,34,33,28,known
1809,98,55,37,36,24,open
1810,98,55,40,39,20,open
1811,98,56,36,29,36,open
1812,98,56,40,26,40,nonexistent
1813,98,57,42,31,36,open
1814,98,58,46,33,36,open
1815,98,59,48,35,36,open
1816,98,60,48,37,36,open
1817,98,61,46,39,36,open
1818,98,62,42,41,36,open
1819,98,63,45,38,45,open
1820,98,64,51,40,45,open
1821,98,65,55,42,45,open
1822,98,66,57,44,45,open
1823,98,67,57,46,45,open
1824,98,68,55,48,45,open
1825,98,69,51,50,45,open
1826,98,70,55,48,55,open
1827,98,70,60,46,60,open
1828,98,71,61,50,55,open
1829,98,72,65,52,55,open
1830,98,73,67,54,55,open
1831,98,74,67,56,55,open
1832,98,75,65,58,55,open
1833,98,77,66,59,66,open
1834,98,78,72,61,66,open
1835,98,79,76,63,66,open
1836,98,80,78,65,66,open
1837,98,81,78,67,66,open
1838,98,84,78,71,78,known
1839,99,10,2,1,1,known
1840,99,20,8,4,4,open
1841,99,24,12,5,6,open
1842,99,28,14,5,9,open
1843,99,30,10,7,10,open
1844,99,30,18,9,9,open
1845,99,31,12,9,10,open
1846,99,32,12,11,10,open
1847,99,32,14,13,9,known
1848,99,33,12,9,12,known
1849,99,34,14,11,12,known
1850,99,34,18,9,13,open
1851,99,34,26,5,15,nonexistent
1852,99,35,14,13,12,known
1853,99,36,22,13,13,open
1854,99,38,18,17,13,open
1855,99,40,32,16,16,open
1856,99,44,20,19,20,open
1857,99,54,30,29,30,open
1858,99,58,50,33,35,open
1859,99,60,40,34,40,open
1860,99,62,48,38,40,open
1861,99,63,42,39,42,known
1862,99,64,44,41,42,open
1863,99,64,48,42,40,open
1864,99,64,56,44,36,nonexistent
1865,99,65,44,43,42,known
1866,99,66,46,43,46,known
1867,99,66,48,42,48,known
1868,99,67,48,45,46,open
1869,99,68,48,47,46,open
1870,99,68,56,46,48,open
1871,99,70,56,50,48,open
1872,99,74,62,55,56,open
1873,99,78,66,61,63,open
1874,99,88,80,78,80,open
1875,100,16,7,0,3,open
1876,100,17,9,2,3,open
1877,100,18,9,4,3,open
1878,100,19,7,6,3,known
1879,100,19,11,10,2,known
1880,100,20,5,0,5,known
1881,100,21,9,2,5,open
1882,100,22,11,4,5,open
1883,100,23,11,6,5,known
1884,100,24,6,5,6,known
1885,100,24,9,8,5,known
1886,100,27,9,8,7,known
1887,100,28,22,12,6,open
1888,100,29,15,14,6,open
1889,100,30,12,2,12,nonexistent
1890,100,30,18,11,8,open
1891,100,31,21,4,12,nonexistent
1892,100,32,28,6,12,open
1893,100,35,14,9,14,open
1894,100,36,18,11,14,open
1895,100,37,20,13,14,open
1896,100,37,33,16,12,open
1897,100,38,20,15,14,known
1898,100,38,28,18,12,open
1899,100,39,18,17,14,open
1900,100,39,21,20,12,open
1901,100,39,24,23,10,known
1902,100,39,27,26,8,open
1903,100,40,18,13,18,known
1904,100,40,20,10,20,known
1905,100,40,24,4,24,nonexistent
1906,100,41,22,15,18,open
1907,100,41,29,12,20,open
1908,100,42,24,17,18,known
1909,100,42,36,14,20,open
1910,100,43,24,19,18,open
1911,100,43,41,16,20,open
1912,100,44,22,21,18,open
1913,100,45,27,12,27,nonexistent
1914,100,45,27,18,22,open
1915,100,46,44,22,20,open
1916,100,47,41,24,20,open
1917,100,48,24,22,24,known
1918,100,48,30,24,22,open
1919,100,48,36,26,20,open
1920,100,49,25,24,24,known
1921,100,49,29,28,20,known
1922,100,50,26,24,26,known
1923,100,50,30,20,30,known
1924,100,51,27,26,26,known
1925,100,51,33,24,28,open
1926,100,51,39,22,30,open
1927,100,52,46,24,30,open
1928,100,53,51,26,30,open
1929,100,54,36,30,28,open
1930,100,54,36,35,22,open
1931,100,55,33,28,33,open
1932,100,56,37,30,33,open
1933,100,56,54,32,30,open
1934,100,57,39,32,33,open
1935,100,57,51,34,30,open
1936,100,58,39,34,33,open
1937,100,58,46,36,30,open
1938,100,59,37,36,33,open
1939,100,59,39,38,30,known
1940,100,59,43,42,24,open
1941,100,60,39,34,39,open
1942,100,60,42,32,42,open
1943,100,60,45,30,45,known
1944,100,60,48,28,48,nonexistent
1945,100,61,43,36,39,open
1946,100,61,51,34,42,open
1947,100,62,45,38,39,open
1948,100,62,58,36,42,open
1949,100,63,45,40,39,open
1950,100,64,43,42,39,open
1951,100,67,63,46,42,open
1952,100,68,58,48,42,nonexistent
1953,100,69,51,50,42,open
1954,100,69,57,46,51,open
1955,100,70,56,46,56,open
1956,100,71,65,48,56,open
1957,100,72,54,51,54,known
1958,100,75,57,56,57,known
1959,100,75,60,55,60,known
1960,100,76,64,57,60,open
1961,100,77,66,59,60,open
1962,100,78,66,61,60,open
1963,100,79,64,63,60,known
1964,100,80,68,63,68,known
1965,100,80,72,62,72,known
1966,100,81,72,65,68,open
1967,100,82,74,67,68,open
1968,100,83,74,69,68,open
